frame,m68k_cycles,msh2_cycles,ssh2_cycles,m68k_useful,msh2_useful,ssh2_useful,active,fb_crc,scene,state,is_32x
2,127988,0,0,0,0,0,1,0x5E509DC5,0x0000,0x0000,1
3,127984,305923,156,0,0,0,1,0x5E509DC5,0x0000,0x0000,1
4,127987,307288,0,0,0,0,1,0x5E509DC5,0x0000,0x0000,1
5,127990,217898,89717,0,0,0,1,0x5E509DC5,0x0000,0x0000,1
6,127984,0,307356,0,0,0,1,0x5E509DC5,0x0000,0x0000,1
7,127996,0,307356,0,0,0,1,0x5E509DC5,0x0000,0x0000,1
8,127984,0,307356,0,0,0,1,0x5E509DC5,0x0000,0x0000,1
9,127983,0,307356,0,0,0,1,0x5E509DC5,0x0000,0x0000,1
10,127988,0,307356,0,0,0,1,0x5E509DC5,0x0000,0x0000,1
11,127989,0,307356,0,0,0,1,0x5E509DC5,0x0000,0x0000,1
12,127982,0,307356,0,0,0,1,0x5E509DC5,0x0000,0x0000,1
13,127991,0,307356,0,0,0,1,0xF29D2CC5,0x4262,0x0000,1
14,127991,294432,307356,0,0,0,1,0xF29D2CC5,0x43C6,0x0000,1
15,127986,306295,307356,0,0,0,1,0x70DB5AE6,0x43C6,0x0000,1
16,127980,306266,307359,0,0,0,1,0x50306E9C,0x43C6,0x0008,1
17,127995,306284,307360,0,0,0,1,0x50306E9C,0x43C6,0x0008,1
18,127987,306295,307357,0,0,0,1,0x6AD2E84B,0x43C6,0x0000,1
19,127979,306310,307359,0,0,0,1,0x50306E9C,0x43C6,0x0008,1
20,127989,306263,307360,0,0,0,1,0x50306E9C,0x43C6,0x0008,1
21,127985,306317,307357,0,0,0,1,0x50306E9C,0x43C6,0x0000,1
22,127987,306334,307356,0,0,0,1,0x50306E9C,0x43C6,0x0008,1
23,127989,306228,307356,0,0,0,1,0x50306E9C,0x43C6,0x0008,1
24,127993,306316,307359,0,0,0,1,0x50306E9C,0x43C6,0x0000,1
25,127979,306286,307357,0,0,0,1,0x50306E9C,0x43C6,0x0008,1
26,127993,306322,307356,0,0,0,1,0x50306E9C,0x43C6,0x0008,1
27,127981,306294,307356,0,0,0,1,0x50306E9C,0x43C6,0x0000,1
28,127987,306286,307356,0,0,0,1,0x50306E9C,0x43C6,0x0008,1
29,127989,306307,307356,0,0,0,1,0x50306E9C,0x43C6,0x0008,1
30,127993,306297,307356,0,0,0,1,0x50306E9C,0x43C6,0x0000,1
31,127979,306290,307356,0,0,0,1,0x50306E9C,0x43C6,0x0008,1
32,127993,306300,307359,0,0,0,1,0x50306E9C,0x43C6,0x0008,1
33,127981,306311,307360,0,0,0,1,0x50306E9C,0x43C6,0x0000,1
34,127987,306313,307360,0,0,0,1,0x50306E9C,0x43C6,0x0008,1
35,127993,306353,307357,0,0,0,1,0x50306E9C,0x43C6,0x0008,1
36,127989,306225,307359,0,0,0,1,0x50306E9C,0x43C6,0x0000,1
37,127979,306277,307360,0,0,0,1,0x50306E9C,0x43C6,0x0008,1
38,127998,306292,307360,0,0,0,1,0x50306E9C,0x43C6,0x0008,1
39,127976,306292,307360,0,0,0,1,0x50306E9C,0x43C6,0x0000,1
40,127987,306314,307360,0,0,0,1,0x50306E9C,0x43C6,0x0008,1
41,127987,306347,307357,0,0,0,1,0x50306E9C,0x43C6,0x0008,1
42,127995,306298,307356,0,0,0,1,0x50306E9C,0x43C6,0x0000,1
43,127979,306300,307356,0,0,0,1,0x50306E9C,0x43C6,0x0008,1
44,127987,306338,307359,0,0,0,1,0x50306E9C,0x43C6,0x0008,1
45,127987,306326,307357,0,0,0,1,0x50306E9C,0x43C6,0x0000,1
46,127987,306277,307359,0,0,0,1,0x50306E9C,0x43C6,0x0008,1
47,127987,306289,307360,0,0,0,1,0x50306E9C,0x43C6,0x0008,1
48,127995,306280,307357,0,0,0,1,0x50306E9C,0x43C6,0x0000,1
49,127979,306290,307356,0,0,0,1,0x50306E9C,0x43C6,0x0008,1
50,127987,306308,307356,0,0,0,1,0x50306E9C,0x43C6,0x0008,1
51,127987,306282,307359,0,0,0,1,0x50306E9C,0x43C6,0x0000,1
52,127987,306304,307357,0,0,0,1,0x50306E9C,0x43C6,0x0008,1
53,127987,306300,307359,0,0,0,1,0x50306E9C,0x43C6,0x0008,1
54,127995,306306,307360,0,0,0,1,0x50306E9C,0x43C6,0x0000,1
55,127979,306290,307357,0,0,0,1,0x50306E9C,0x43C6,0x0008,1
56,127987,306279,307356,0,0,0,1,0x50306E9C,0x43C6,0x0008,1
57,127987,306329,307356,0,0,0,1,0x50306E9C,0x43C6,0x0000,1
58,127987,306293,307356,0,0,0,1,0x50306E9C,0x43C6,0x0008,1
59,127987,306273,307356,0,0,0,1,0x50306E9C,0x43C6,0x0008,1
60,127995,306311,307356,0,0,0,1,0x50306E9C,0x43C6,0x0000,1
61,127979,306298,307356,0,0,0,1,0x50306E9C,0x43C6,0x0008,1
62,127987,306273,307356,0,0,0,1,0x50306E9C,0x43C6,0x0008,1
63,127987,306248,307356,0,0,0,1,0x50306E9C,0x43C6,0x0000,1
64,127987,306297,307359,0,0,0,1,0x50306E9C,0x43C6,0x0008,1
65,127987,306293,307357,0,0,0,1,0x50306E9C,0x43C6,0x0008,1
66,127995,306336,307359,0,0,0,1,0x50306E9C,0x43C6,0x0000,1
67,127979,306282,307360,0,0,0,1,0x50306E9C,0x43C6,0x0008,1
68,127987,306310,307360,0,0,0,1,0x50306E9C,0x43C6,0x0008,1
69,127987,306263,307360,0,0,0,1,0x50306E9C,0x43C6,0x0000,1
70,127987,306284,307360,0,0,0,1,0x50306E9C,0x43C6,0x0008,1
71,127987,306299,307357,0,0,0,1,0x50306E9C,0x43C6,0x0008,1
72,127995,306314,307359,0,0,0,1,0x50306E9C,0x43C6,0x0000,1
73,127979,306267,307360,0,0,0,1,0x50306E9C,0x43C6,0x0008,1
74,127987,306313,307357,0,0,0,1,0x50306E9C,0x43C6,0x0008,1
75,127987,306334,307356,0,0,0,1,0x50306E9C,0x43C6,0x0000,1
76,127987,306228,307356,0,0,0,1,0x50306E9C,0x43C6,0x0008,1
77,127987,306312,307359,0,0,0,1,0x50306E9C,0x43C6,0x0008,1
78,127995,306282,307357,0,0,0,1,0x50306E9C,0x43C6,0x0000,1
79,127979,306322,307356,0,0,0,1,0x50306E9C,0x43C6,0x0008,1
80,127987,306282,307356,0,0,0,1,0x50306E9C,0x43C6,0x0008,1
81,127987,306290,307356,0,0,0,1,0x50306E9C,0x43C6,0x0000,1
82,127987,306311,307356,0,0,0,1,0x50306E9C,0x43C6,0x0008,1
83,127987,306297,307356,0,0,0,1,0x50306E9C,0x43C6,0x0008,1
84,127995,306286,307356,0,0,0,1,0x50306E9C,0x43C6,0x0000,1
85,127979,306304,307359,0,0,0,1,0x50306E9C,0x43C6,0x0008,1
86,127987,306331,307360,0,0,0,1,0x50306E9C,0x43C6,0x0008,1
87,127987,306313,307360,0,0,0,1,0x50306E9C,0x43C6,0x0000,1
88,127987,306280,307360,0,0,0,1,0x50306E9C,0x43C6,0x0008,1
89,127987,306318,307360,0,0,0,1,0x50306E9C,0x43C6,0x0008,1
90,127995,306282,307360,0,0,0,1,0x50306E9C,0x43C6,0x0000,1
91,127979,306316,307360,0,0,0,1,0x50306E9C,0x43C6,0x0008,1
92,127987,306268,307360,0,0,0,1,0x50306E9C,0x43C6,0x0008,1
93,127987,306308,307357,0,0,0,1,0x50306E9C,0x43C6,0x0000,1
94,127987,306310,307356,0,0,0,1,0x50306E9C,0x43C6,0x0008,1
95,127987,306295,307356,0,0,0,1,0x50306E9C,0x43C6,0x0008,1
96,127995,306301,307356,0,0,0,1,0x50306E9C,0x43C6,0x0000,1
97,127979,306346,307356,0,0,0,1,0x50306E9C,0x43C6,0x0008,1
98,127987,306289,307356,0,0,0,1,0x50306E9C,0x43C6,0x0008,1
99,127987,306318,307359,0,0,0,1,0x50306E9C,0x43C6,0x0000,1
100,127987,306268,307360,0,0,0,1,0x50306E9C,0x43C6,0x0008,1
101,127987,306280,307360,0,0,0,1,0x50306E9C,0x43C6,0x0008,1
102,127995,306291,307357,0,0,0,1,0x50306E9C,0x43C6,0x0000,1
103,127979,306316,307356,0,0,0,1,0x50306E9C,0x43C6,0x0008,1
104,127987,306294,307359,0,0,0,1,0x50306E9C,0x43C6,0x0008,1
105,127991,306312,307357,0,0,0,1,0x50306E9C,0x43C6,0x0000,1
106,127983,306300,307359,0,0,0,1,0x50306E9C,0x43C6,0x0008,1
107,127987,306306,307360,0,0,0,1,0x50306E9C,0x43C6,0x0008,1
108,127989,306291,307360,0,0,0,1,0x50306E9C,0x43C6,0x0000,1
109,127985,306231,307357,0,0,0,1,0x30E2B768,0x43C6,0x0008,1
110,127987,306289,307356,0,0,0,1,0x30E2B768,0x43C6,0x0008,1
111,127991,306361,307356,0,0,0,1,0x50306E9C,0x43C6,0x0000,1
112,127983,306301,307356,0,0,0,1,0xBCD0CFE2,0x43C6,0x0008,1
113,127987,306309,307356,0,0,0,1,0xBCD0CFE2,0x43C6,0x0008,1
114,127989,306343,307356,0,0,0,1,0x30E2B768,0x43C6,0x0000,1
115,127985,306301,307359,0,0,0,1,0xA1133F26,0x43C6,0x0008,1
116,127987,306298,307360,0,0,0,1,0xA1133F26,0x43C6,0x0008,1
117,127991,306298,307360,0,0,0,1,0xBCD0CFE2,0x43C6,0x0000,1
118,127983,306284,307360,0,0,0,1,0x68217D0D,0x43C6,0x0008,1
119,127987,306309,307357,0,0,0,1,0x68217D0D,0x43C6,0x0008,1
120,127991,306293,307359,0,0,0,1,0x4945E6A2,0x43C6,0x0000,1
121,127983,306299,307357,0,0,0,1,0x932917E7,0x43C6,0x0008,1
122,127987,306309,307356,0,0,0,1,0x932917E7,0x43C6,0x0008,1
123,127987,306316,307356,0,0,0,1,0x83076D5C,0x43C6,0x0000,1
124,127987,306302,307356,0,0,0,1,0x71147DB9,0x43C6,0x0008,1
125,127987,306310,307359,0,0,0,1,0x71147DB9,0x43C6,0x0008,1
126,127995,306270,307360,0,0,0,1,0x932917E7,0x43C6,0x0000,1
127,127979,306305,307357,0,0,0,1,0x932917E7,0x43C6,0x0008,1
128,127987,306329,307356,0,0,0,1,0x932917E7,0x43C6,0x0008,1
129,127987,306228,307356,0,0,0,1,0x71147DB9,0x43C6,0x0000,1
130,127987,306312,307359,0,0,0,1,0x71147DB9,0x43C6,0x0008,1
131,127987,306282,307357,0,0,0,1,0x71147DB9,0x43C6,0x0008,1
132,127995,306320,307356,0,0,0,1,0x932917E7,0x43C6,0x0000,1
133,127979,306282,307356,0,0,0,1,0x932917E7,0x43C6,0x0008,1
134,127987,306294,307356,0,0,0,1,0x932917E7,0x43C6,0x0008,1
135,127987,306310,307356,0,0,0,1,0x71147DB9,0x43C6,0x0000,1
136,127987,306288,307356,0,0,0,1,0x71147DB9,0x43C6,0x0008,1
137,127987,306286,307356,0,0,0,1,0x71147DB9,0x43C6,0x0008,1
138,127995,306308,307359,0,0,0,1,0x932917E7,0x43C6,0x0000,1
139,127979,306339,307360,0,0,0,1,0x932917E7,0x43C6,0x0008,1
140,127987,306334,307357,0,0,0,1,0x932917E7,0x43C6,0x0008,1
141,127987,306301,307356,0,0,0,1,0x71147DB9,0x43C6,0x0000,1
142,127987,306292,307359,0,0,0,1,0x71147DB9,0x43C6,0x0008,1
143,127987,306282,307357,0,0,0,1,0x71147DB9,0x43C6,0x0008,1
144,127995,306340,307359,0,0,0,1,0x932917E7,0x43C6,0x0000,1
145,127979,306324,307357,0,0,0,1,0x932917E7,0x43C6,0x0008,1
146,127987,306288,307359,0,0,0,1,0x932917E7,0x43C6,0x0008,1
147,127987,306303,307360,0,0,0,1,0x71147DB9,0x43C6,0x0000,1
148,127987,306332,307360,0,0,0,1,0x71147DB9,0x43C6,0x0008,1
149,127987,306300,307360,0,0,0,1,0x71147DB9,0x43C6,0x0008,1
150,127995,306303,307360,0,0,0,1,0x932917E7,0x43C6,0x0000,1
151,127979,306326,307357,0,0,0,1,0x932917E7,0x43C6,0x0008,1
152,127987,306273,307359,0,0,0,1,0x932917E7,0x43C6,0x0008,1
153,127987,306293,307360,0,0,0,1,0x71147DB9,0x43C6,0x0000,1
154,127987,306324,307357,0,0,0,1,0x71147DB9,0x43C6,0x0008,1
155,127987,306302,307356,0,0,0,1,0x71147DB9,0x43C6,0x0008,1
156,127995,306316,307356,0,0,0,1,0x932917E7,0x43C6,0x0000,1
157,127979,306302,307359,0,0,0,1,0x932917E7,0x43C6,0x0008,1
158,127987,306320,307357,0,0,0,1,0x932917E7,0x43C6,0x0008,1
159,127987,306300,307359,0,0,0,1,0x71147DB9,0x43C6,0x0000,1
160,127987,306306,307360,0,0,0,1,0x71147DB9,0x43C6,0x0008,1
161,127987,306291,307357,0,0,0,1,0x71147DB9,0x43C6,0x0008,1
162,127995,306278,307356,0,0,0,1,0x932917E7,0x43C6,0x0000,1
163,127979,306333,307356,0,0,0,1,0x932917E7,0x43C6,0x0008,1
164,127987,306293,307356,0,0,0,1,0x932917E7,0x43C6,0x0008,1
165,127987,306269,307356,0,0,0,1,0x71147DB9,0x43C6,0x0000,1
166,127987,306319,307356,0,0,0,1,0x71147DB9,0x43C6,0x0008,1
167,127987,46350,307356,0,0,0,1,0x71147DB9,0x43C6,0x0008,1
168,127995,0,307356,0,0,0,1,0x932917E7,0x43C6,0x0000,1
169,127979,0,307356,0,0,0,1,0x932917E7,0x43C6,0x0008,1
170,127987,0,307356,0,0,0,1,0x932917E7,0x43C6,0x0008,1
171,127987,0,307356,0,0,0,1,0x71147DB9,0x43C6,0x0000,1
172,127987,0,307356,0,0,0,1,0x71147DB9,0x43C6,0x0008,1
173,127987,0,307356,0,0,0,1,0x71147DB9,0x43C6,0x0008,1
174,127995,0,307356,0,0,0,1,0x932917E7,0x43C6,0x0000,1
175,127979,0,307356,0,0,0,1,0x932917E7,0x43C6,0x0008,1
176,127987,0,307356,0,0,0,1,0x932917E7,0x43C6,0x0008,1
177,127987,0,307356,0,0,0,1,0x71147DB9,0x43C6,0x0000,1
178,127987,0,307356,0,0,0,1,0x71147DB9,0x43C6,0x0008,1
179,127987,0,307356,0,0,0,1,0x71147DB9,0x43C6,0x0008,1
180,127995,0,307356,0,0,0,1,0x932917E7,0x43C6,0x0000,1
181,127979,0,307356,0,0,0,1,0x932917E7,0x43C6,0x0008,1
182,127987,0,307356,0,0,0,1,0x932917E7,0x43C6,0x0008,1
183,127987,0,307356,0,0,0,1,0x71147DB9,0x43C6,0x0000,1
184,127987,0,307356,0,0,0,1,0x71147DB9,0x43C6,0x0008,1
185,127987,0,307356,0,0,0,1,0x71147DB9,0x43C6,0x0008,1
186,127995,0,307356,0,0,0,1,0x932917E7,0x43C6,0x0000,1
187,127979,0,307356,0,0,0,1,0x932917E7,0x43C6,0x0008,1
188,127987,0,307356,0,0,0,1,0x932917E7,0x43C6,0x0008,1
189,127987,0,307356,0,0,0,1,0x71147DB9,0x43C6,0x0000,1
190,127987,0,307356,0,0,0,1,0x71147DB9,0x43C6,0x0008,1
191,127987,0,307356,0,0,0,1,0x71147DB9,0x43C6,0x0008,1
192,127995,0,307356,0,0,0,1,0x932917E7,0x43C6,0x0000,1
193,127979,0,307356,0,0,0,1,0x932917E7,0x43C6,0x0008,1
194,127987,0,307356,0,0,0,1,0x932917E7,0x43C6,0x0008,1
195,127987,0,307356,0,0,0,1,0x71147DB9,0x43C6,0x0000,1
196,127987,0,307356,0,0,0,1,0x71147DB9,0x43C6,0x0008,1
197,127987,0,307356,0,0,0,1,0x71147DB9,0x43C6,0x0008,1
198,127995,0,307356,0,0,0,1,0x932917E7,0x43C6,0x0000,1
199,127979,0,307356,0,0,0,1,0x932917E7,0x43C6,0x0008,1
200,127987,0,307356,0,0,0,1,0x932917E7,0x43C6,0x0008,1
201,127987,0,307356,0,0,0,1,0x71147DB9,0x43C6,0x0000,1
202,127987,0,307356,0,0,0,1,0x71147DB9,0x43C6,0x0008,1
203,127987,0,307356,0,0,0,1,0x71147DB9,0x43C6,0x0008,1
204,127995,0,307356,0,0,0,1,0x932917E7,0x43C6,0x0000,1
205,127979,0,307356,0,0,0,1,0x932917E7,0x43C6,0x0008,1
206,127987,0,307356,0,0,0,1,0x932917E7,0x43C6,0x0008,1
207,127987,0,307356,0,0,0,1,0x71147DB9,0x43C6,0x0000,1
208,127987,0,307356,0,0,0,1,0x71147DB9,0x43C6,0x0008,1
209,127987,0,307356,0,0,0,1,0x71147DB9,0x43C6,0x0008,1
210,127995,0,307356,0,0,0,1,0x932917E7,0x43C6,0x0000,1
211,127979,0,307356,0,0,0,1,0x932917E7,0x43C6,0x0008,1
212,127987,0,307356,0,0,0,1,0x932917E7,0x43C6,0x0008,1
213,127987,0,307356,0,0,0,1,0x71147DB9,0x43C6,0x0000,1
214,127987,0,307356,0,0,0,1,0x71147DB9,0x43C6,0x0008,1
215,127987,0,307356,0,0,0,1,0x71147DB9,0x43C6,0x0008,1
216,127995,0,307356,0,0,0,1,0x932917E7,0x43C6,0x0000,1
217,127979,0,307356,0,0,0,1,0x932917E7,0x43C6,0x0008,1
218,127987,0,307356,0,0,0,1,0x932917E7,0x43C6,0x0008,1
219,127987,0,307356,0,0,0,1,0x71147DB9,0x43C6,0x0000,1
220,127987,0,307356,0,0,0,1,0x71147DB9,0x43C6,0x0008,1
221,127987,0,307356,0,0,0,1,0x71147DB9,0x43C6,0x0008,1
222,127995,0,307356,0,0,0,1,0x932917E7,0x43C6,0x0000,1
223,127979,0,307356,0,0,0,1,0x932917E7,0x43C6,0x0008,1
224,127987,0,307356,0,0,0,1,0x932917E7,0x43C6,0x0008,1
225,127987,0,307356,0,0,0,1,0x71147DB9,0x43C6,0x0000,1
226,127987,0,307356,0,0,0,1,0x71147DB9,0x43C6,0x0008,1
227,127987,0,307356,0,0,0,1,0x71147DB9,0x43C6,0x0008,1
228,127995,0,307356,0,0,0,1,0x932917E7,0x43C6,0x0000,1
229,127979,0,307356,0,0,0,1,0x932917E7,0x43C6,0x0008,1
230,127987,0,307356,0,0,0,1,0x932917E7,0x43C6,0x0008,1
231,127987,0,307356,0,0,0,1,0x71147DB9,0x43C6,0x0000,1
232,127987,0,307356,0,0,0,1,0x71147DB9,0x43C6,0x0008,1
233,127987,0,307356,0,0,0,1,0x71147DB9,0x43C6,0x0008,1
234,127995,0,307356,0,0,0,1,0x932917E7,0x43C6,0x0000,1
235,127979,0,307356,0,0,0,1,0x932917E7,0x43C6,0x0008,1
236,127987,0,307356,0,0,0,1,0x932917E7,0x43C6,0x0008,1
237,127987,0,307356,0,0,0,1,0x71147DB9,0x43C6,0x0000,1
238,127987,0,307356,0,0,0,1,0x71147DB9,0x43C6,0x0008,1
239,127987,0,307356,0,0,0,1,0x71147DB9,0x43C6,0x0008,1
240,127995,0,307356,0,0,0,1,0x932917E7,0x43C6,0x0000,1
241,127979,0,307356,0,0,0,1,0x932917E7,0x43C6,0x0008,1
242,127987,0,307356,0,0,0,1,0x932917E7,0x43C6,0x0008,1
243,127987,0,307356,0,0,0,1,0x71147DB9,0x43C6,0x0000,1
244,127987,0,307356,0,0,0,1,0x71147DB9,0x43C6,0x0008,1
245,128001,0,307356,0,0,0,1,0x71147DB9,0x43C6,0x0008,1
246,127981,0,307356,0,0,0,1,0x932917E7,0x43C6,0x0000,1
247,127979,0,307356,0,0,0,1,0x932917E7,0x43C6,0x0008,1
248,127989,0,307356,0,0,0,1,0x932917E7,0x43C6,0x0008,1
249,127985,0,307356,0,0,0,1,0x71147DB9,0x43C6,0x0000,1
250,127987,0,307356,0,0,0,1,0x71147DB9,0x43C6,0x0008,1
251,127988,0,307356,0,0,0,1,0x71147DB9,0x43C6,0x0008,1
252,127994,0,307356,0,0,0,1,0x932917E7,0x43C6,0x0000,1
253,127979,0,307356,0,0,0,1,0x932917E7,0x43C6,0x0008,1
254,128023,0,307356,0,0,0,1,0x932917E7,0x43C6,0x0008,1
255,127951,0,307356,0,0,0,1,0x71147DB9,0x43C6,0x0000,1
256,127987,0,307356,0,0,0,1,0x71147DB9,0x43C6,0x0008,1
257,127987,0,307356,0,0,0,1,0x71147DB9,0x43C6,0x0008,1
258,127995,0,307356,0,0,0,1,0x932917E7,0x43C6,0x0000,1
259,127979,0,307356,0,0,0,1,0x932917E7,0x43C6,0x0008,1
260,128023,0,307356,0,0,0,1,0x932917E7,0x43C6,0x0008,1
261,127951,0,307356,0,0,0,1,0x71147DB9,0x43C6,0x0000,1
262,127987,0,307356,0,0,0,1,0x71147DB9,0x43C6,0x0008,1
263,128023,0,307356,0,0,0,1,0x71147DB9,0x43C6,0x0008,1
264,127959,0,307356,0,0,0,1,0x932917E7,0x43C6,0x0000,1
265,127979,0,307356,0,0,0,1,0x932917E7,0x43C6,0x0008,1
266,127995,0,307356,0,0,0,1,0x932917E7,0x43C6,0x0008,1
267,127981,0,307356,0,0,0,1,0x3F5F4334,0x43C6,0x0000,1
268,127985,0,307356,0,0,0,1,0x1F5FCC3B,0x43C6,0x0008,1
269,127989,0,307356,0,0,0,1,0x1F5FCC3B,0x43C6,0x0008,1
270,127985,0,307356,0,0,0,1,0x162C3F62,0x43C6,0x0000,1
271,127987,0,307356,0,0,0,1,0xDED81F0D,0x43C6,0x0008,1
272,127990,0,307356,0,0,0,1,0xDED81F0D,0x43C6,0x0008,1
273,127986,0,307356,0,0,0,1,0x1F5FCC3B,0x43C6,0x0000,1
274,127985,0,307356,0,0,0,1,0x1F5FCC3B,0x43C6,0x0008,1
275,127993,0,307356,0,0,0,1,0x1F5FCC3B,0x43C6,0x0008,1
276,127981,0,307356,0,0,0,1,0xDED81F0D,0x43C6,0x0000,1
277,127987,0,307356,0,0,0,1,0xDED81F0D,0x43C6,0x0008,1
278,127989,0,307356,0,0,0,1,0xDED81F0D,0x43C6,0x0008,1
279,127987,0,307356,0,0,0,1,0x1F5FCC3B,0x43C6,0x0000,1
280,127985,0,307356,0,0,0,1,0x1F5FCC3B,0x43C6,0x0008,1
281,127993,0,307356,0,0,0,1,0x1F5FCC3B,0x43C6,0x0008,1
282,127981,0,307356,0,0,0,1,0xDED81F0D,0x43C6,0x0000,1
283,127987,0,307356,0,0,0,1,0xDED81F0D,0x43C6,0x0008,1
284,127993,0,307356,0,0,0,1,0xDED81F0D,0x43C6,0x0008,1
285,127983,0,307356,0,0,0,1,0x1F5FCC3B,0x43C6,0x0000,1
286,127985,0,307356,0,0,0,1,0x1F5FCC3B,0x43C6,0x0008,1
287,127997,0,307356,0,0,0,1,0x1F5FCC3B,0x43C6,0x0008,1
288,127977,0,307356,0,0,0,1,0xDED81F0D,0x43C6,0x0000,1
289,127987,0,307356,0,0,0,1,0xDED81F0D,0x43C6,0x0008,1
290,127987,0,307356,0,0,0,1,0xDED81F0D,0x43C6,0x0008,1
291,127989,0,307356,0,0,0,1,0x1F5FCC3B,0x43C6,0x0000,1
292,127985,0,307356,0,0,0,1,0x1F5FCC3B,0x43C6,0x0008,1
293,127987,0,307356,0,0,0,1,0x1F5FCC3B,0x43C6,0x0008,1
294,127987,0,307356,0,0,0,1,0xDED81F0D,0x43C6,0x0000,1
295,127987,0,307356,0,0,0,1,0xDED81F0D,0x43C6,0x0008,1
296,127987,0,307356,0,0,0,1,0xDED81F0D,0x43C6,0x0008,1
297,127989,0,307356,0,0,0,1,0x1F5FCC3B,0x43C6,0x0000,1
298,127985,0,307356,0,0,0,1,0x1F5FCC3B,0x43C6,0x0008,1
299,127987,0,307356,0,0,0,1,0x1F5FCC3B,0x43C6,0x0008,1
300,127987,0,307356,0,0,0,1,0xDED81F0D,0x43C6,0x0000,1
301,127987,0,307356,0,0,0,1,0xDED81F0D,0x43C6,0x0008,1
302,127987,0,307356,0,0,0,1,0xDED81F0D,0x43C6,0x0008,1
303,127989,0,307356,0,0,0,1,0x1F5FCC3B,0x43C6,0x0000,1
304,127985,0,307356,0,0,0,1,0x1F5FCC3B,0x43C6,0x0008,1
305,127987,0,307356,0,0,0,1,0x1F5FCC3B,0x43C6,0x0008,1
306,127987,0,307356,0,0,0,1,0xDED81F0D,0x43C6,0x0000,1
307,127987,0,307356,0,0,0,1,0xDED81F0D,0x43C6,0x0008,1
308,127987,0,307356,0,0,0,1,0xDED81F0D,0x43C6,0x0008,1
309,127989,0,307356,0,0,0,1,0x1F5FCC3B,0x43C6,0x0000,1
310,127985,0,307356,0,0,0,1,0x1F5FCC3B,0x43C6,0x0008,1
311,127987,0,307356,0,0,0,1,0x1F5FCC3B,0x43C6,0x0008,1
312,127987,0,307356,0,0,0,1,0xDED81F0D,0x43C6,0x0000,1
313,127987,0,307356,0,0,0,1,0xDED81F0D,0x43C6,0x0008,1
314,127987,0,307356,0,0,0,1,0xDED81F0D,0x43C6,0x0008,1
315,127989,0,307356,0,0,0,1,0x1F5FCC3B,0x43C6,0x0000,1
316,127985,0,307356,0,0,0,1,0x1F5FCC3B,0x43C6,0x0008,1
317,127987,0,307356,0,0,0,1,0x1F5FCC3B,0x43C6,0x0008,1
318,127987,0,307356,0,0,0,1,0xDED81F0D,0x43C6,0x0000,1
319,127987,0,307356,0,0,0,1,0xDED81F0D,0x43C6,0x0008,1
320,127987,0,307356,0,0,0,1,0xDED81F0D,0x43C6,0x0008,1
321,127989,0,307356,0,0,0,1,0x1F5FCC3B,0x43C6,0x0000,1
322,127985,0,307356,0,0,0,1,0x1F5FCC3B,0x43C6,0x0008,1
323,127987,0,307356,0,0,0,1,0x1F5FCC3B,0x43C6,0x0008,1
324,127987,0,307356,0,0,0,1,0xDED81F0D,0x43C6,0x0000,1
325,127987,0,307356,0,0,0,1,0xDED81F0D,0x43C6,0x0008,1
326,127987,0,307356,0,0,0,1,0xDED81F0D,0x43C6,0x0008,1
327,127989,0,307356,0,0,0,1,0x1F5FCC3B,0x43C6,0x0000,1
328,127985,0,307356,0,0,0,1,0x1F5FCC3B,0x43C6,0x0008,1
329,127987,0,307356,0,0,0,1,0x1F5FCC3B,0x43C6,0x0008,1
330,127987,0,307356,0,0,0,1,0xDED81F0D,0x43C6,0x0000,1
331,127987,0,307356,0,0,0,1,0xDED81F0D,0x43C6,0x0008,1
332,127987,0,307356,0,0,0,1,0xDED81F0D,0x43C6,0x0008,1
333,127989,0,307356,0,0,0,1,0x1F5FCC3B,0x43C6,0x0000,1
334,127985,0,307356,0,0,0,1,0x1F5FCC3B,0x43C6,0x0008,1
335,127987,0,307356,0,0,0,1,0x1F5FCC3B,0x43C6,0x0008,1
336,127987,0,307356,0,0,0,1,0xDED81F0D,0x43C6,0x0000,1
337,127987,0,307356,0,0,0,1,0xDED81F0D,0x43C6,0x0008,1
338,127987,0,307356,0,0,0,1,0xDED81F0D,0x43C6,0x0008,1
339,127989,0,307356,0,0,0,1,0x1F5FCC3B,0x43C6,0x0000,1
340,127985,0,307356,0,0,0,1,0x1F5FCC3B,0x43C6,0x0008,1
341,127987,0,307356,0,0,0,1,0x1F5FCC3B,0x43C6,0x0008,1
342,127987,0,307356,0,0,0,1,0xDED81F0D,0x43C6,0x0000,1
343,127987,0,307356,0,0,0,1,0xDED81F0D,0x43C6,0x0008,1
344,127987,0,307356,0,0,0,1,0xDED81F0D,0x43C6,0x0008,1
345,127989,0,307356,0,0,0,1,0x1F5FCC3B,0x43C6,0x0000,1
346,127985,0,307356,0,0,0,1,0x1F5FCC3B,0x43C6,0x0008,1
347,127987,0,307356,0,0,0,1,0x1F5FCC3B,0x43C6,0x0008,1
348,127987,0,307356,0,0,0,1,0xDED81F0D,0x43C6,0x0000,1
349,127987,0,307356,0,0,0,1,0xDED81F0D,0x43C6,0x0008,1
350,127988,0,307356,0,0,0,1,0xDED81F0D,0x43C6,0x0008,1
351,127986,0,307356,0,0,0,1,0x1F5FCC3B,0x43C6,0x0004,1
352,127987,0,307356,0,0,0,1,0x1F5FCC3B,0x43C6,0x0008,1
353,128001,0,307356,0,0,0,1,0x1F5FCC3B,0x43C6,0x0008,1
354,127973,0,307356,0,0,0,1,0xDED81F0D,0x43C6,0x0004,1
355,127987,0,307356,0,0,0,1,0xDED81F0D,0x43C6,0x0008,1
356,127989,0,307356,0,0,0,1,0xDED81F0D,0x43C6,0x0008,1
357,127985,0,307356,0,0,0,1,0x1F5FCC3B,0x43C6,0x0004,1
358,127987,0,307356,0,0,0,1,0x1F5FCC3B,0x43C6,0x0008,1
359,127988,0,307356,0,0,0,1,0x1F5FCC3B,0x43C6,0x0008,1
360,127986,0,307356,0,0,0,1,0xDED81F0D,0x43C6,0x0004,1
361,127987,0,307356,0,0,0,1,0xDED81F0D,0x43C6,0x0008,1
362,128023,0,307356,0,0,0,1,0xDED81F0D,0x43C6,0x0008,1
363,127951,0,307356,0,0,0,1,0x1F5FCC3B,0x43C6,0x0004,1
364,127987,0,307356,0,0,0,1,0x1F5FCC3B,0x43C6,0x0008,1
365,127987,0,307356,0,0,0,1,0x1F5FCC3B,0x43C6,0x0008,1
366,127987,0,307356,0,0,0,1,0xDED81F0D,0x43C6,0x0004,1
367,127987,0,307356,0,0,0,1,0xDED81F0D,0x43C6,0x0008,1
368,128023,0,307356,0,0,0,1,0xDED81F0D,0x43C6,0x0008,1
369,127951,0,307356,0,0,0,1,0x1F5FCC3B,0x43C6,0x0004,1
370,127987,0,307356,0,0,0,1,0x1F5FCC3B,0x43C6,0x0008,1
371,128023,0,307356,0,0,0,1,0x1F5FCC3B,0x43C6,0x0008,1
372,127951,588,307355,0,0,0,1,0xDED81F0D,0x53B0,0x0004,1
373,127991,0,307353,0,0,0,1,0xD1086BC5,0x53B0,0x0004,1
374,127996,0,307356,0,0,0,1,0x797BA8C5,0x53B0,0x0004,1
375,127974,192834,307356,0,0,0,1,0x797BA8C5,0x53B0,0x0004,1
376,127992,0,307356,0,0,0,1,0x797BA8C5,0x53B0,0x0004,1
377,127988,0,307356,0,0,0,1,0x797BA8C5,0x53B0,0x0004,1
378,127983,0,307356,0,0,0,1,0x797BA8C5,0x53B0,0x0004,1
379,127988,0,307356,0,0,0,1,0x797BA8C5,0x53B0,0x0004,1
380,127992,0,307356,0,0,0,1,0x797BA8C5,0x53B0,0x0004,1
381,127980,0,307356,0,0,0,1,0x797BA8C5,0x53B0,0x0004,1
382,127988,0,307356,0,0,0,1,0x797BA8C5,0x53B0,0x0004,1
383,127989,0,307356,0,0,0,1,0x797BA8C5,0x53B0,0x0004,1
384,127988,0,307356,0,0,0,1,0x797BA8C5,0x53B0,0x0004,1
385,127989,0,307356,0,0,0,1,0x797BA8C5,0x53B0,0x0004,1
386,127984,0,307356,0,0,0,1,0x797BA8C5,0x53B0,0x0004,1
387,127984,0,307356,0,0,0,1,0x797BA8C5,0x53B0,0x0004,1
388,127986,0,307356,0,0,0,1,0x797BA8C5,0x53B0,0x0004,1
389,127994,0,307356,0,0,0,1,0x797BA8C5,0x53B0,0x0004,1
390,127980,0,307356,0,0,0,1,0x797BA8C5,0x53B0,0x0004,1
391,127987,0,307356,0,0,0,1,0x797BA8C5,0x53B0,0x0000,1
392,127987,720,307355,0,0,0,1,0x797BA8C5,0x53B0,0x0000,1
393,127987,0,307357,0,0,0,1,0x797BA8C5,0x5586,0x0000,1
394,127988,4569,306947,0,0,0,1,0x797BA8C5,0x5586,0x0000,1
395,127986,49008,307233,0,0,0,1,0x34468ED5,0x5586,0x0008,1
396,127997,0,307356,0,0,0,1,0x34468ED5,0x5586,0x0008,1
397,127985,1706,306975,0,0,0,1,0x34468ED5,0x5586,0x0000,1
398,127987,282266,306915,0,0,0,1,0x7378FEEF,0x5586,0x0004,1
399,127985,82703,283417,0,0,0,1,0x75379377,0x5586,0x0008,1
400,127985,1702,306971,0,0,0,1,0x797BA8C5,0x5586,0x0000,1
401,127987,282642,307444,0,0,0,1,0xDDDD8C03,0x5586,0x0004,1
402,127985,82849,282890,0,0,0,1,0xEF39F421,0x5586,0x0008,1
403,127989,1698,306971,0,0,0,1,0x75379377,0x5586,0x0000,1
404,127993,282163,307574,0,0,0,1,0xC33A58EF,0x5586,0x0004,1
405,127993,83920,282779,0,0,0,1,0x937C6DB5,0x5586,0x0008,1
406,127975,1702,306971,0,0,0,1,0xEF39F421,0x5586,0x0000,1
407,127983,282300,306971,0,0,0,1,0x86FF8AF4,0x5586,0x0004,1
408,127993,83646,283144,0,0,0,1,0x099DC619,0x5586,0x0008,1
409,127985,1647,306975,0,0,0,1,0x937C6DB5,0x5586,0x0000,1
410,127991,282802,306883,0,0,0,1,0xE88B5617,0x5586,0x0004,1
411,127981,86843,283115,0,0,0,1,0xABE1E022,0x5586,0x0008,1
412,127989,1702,306971,0,0,0,1,0x099DC619,0x5586,0x0000,1
413,128003,282941,307011,0,0,0,1,0x0E52A65F,0x5586,0x0004,1
414,128097,86393,282976,0,0,0,1,0xA76895DB,0x5586,0x0008,1
415,127861,1655,306975,0,0,0,1,0xABE1E022,0x5586,0x0000,1
416,127985,282515,306902,0,0,0,1,0x8A6C38A8,0x5586,0x0004,1
417,127985,90053,283051,0,0,0,1,0x66EE704B,0x5586,0x0008,1
418,127991,1706,306971,0,0,0,1,0xA76895DB,0x5586,0x0000,1
419,127983,282649,307600,0,0,0,1,0x0CA13B04,0x5586,0x0004,1
420,127987,90977,282070,0,0,0,1,0x2A75CF77,0x5586,0x0008,1
421,127994,1650,306971,0,0,0,1,0x66EE704B,0x5586,0x0000,1
422,127990,282842,306895,0,0,0,1,0xBCFDA101,0x5586,0x0004,1
423,127979,91056,282809,0,0,0,1,0x0658F8CB,0x5586,0x0008,1
424,127989,1663,306975,0,0,0,1,0x2A75CF77,0x5586,0x0000,1
425,128083,282786,306908,0,0,0,1,0x2C2BC937,0x5586,0x0004,1
426,127901,94482,282936,0,0,0,1,0x15F61D02,0x5586,0x0008,1
427,127984,1702,306971,0,0,0,1,0x0658F8CB,0x5586,0x0000,1
428,127986,282368,306908,0,0,0,1,0xA8287ACA,0x5586,0x0004,1
429,127981,91978,282609,0,0,0,1,0xDBBCCF83,0x5586,0x0008,1
430,127987,1702,306975,0,0,0,1,0x15F61D02,0x5586,0x0000,1
431,127995,282357,307613,0,0,0,1,0x36AFB7F9,0x5586,0x0004,1
432,127985,93465,281815,0,0,0,1,0xA8ABF0BB,0x5586,0x0008,1
433,127988,1659,306975,0,0,0,1,0xDBBCCF83,0x5586,0x0000,1
434,127976,282133,306929,0,0,0,1,0xE19D78FD,0x5586,0x0004,1
435,127991,92163,282302,0,0,0,1,0x516410C0,0x5586,0x0008,1
436,127983,1702,306975,0,0,0,1,0xA8ABF0BB,0x5586,0x0000,1
437,127989,282113,306977,0,0,0,1,0xDD28288A,0x5586,0x0004,1
438,127989,89405,282379,0,0,0,1,0xE3CF89A3,0x5586,0x0008,1
439,127991,1706,306971,0,0,0,1,0x516410C0,0x5586,0x0000,1
440,128029,282137,307621,0,0,0,1,0x8F2D7051,0x5586,0x0004,1
441,127947,91561,281487,0,0,0,1,0xDFF35A1A,0x5586,0x0008,1
442,127977,1702,306975,0,0,0,1,0xE3CF89A3,0x5586,0x0000,1
443,127989,282088,307942,0,0,0,1,0xE5E63C96,0x5586,0x0004,1
444,127997,86360,281167,0,0,0,1,0x997022AD,0x5586,0x0008,1
445,127983,1654,306971,0,0,0,1,0xDFF35A1A,0x5586,0x0000,1
446,128043,282134,306913,0,0,0,1,0x65D75518,0x5586,0x0004,1
447,127923,88919,282035,0,0,0,1,0x040A747C,0x5586,0x0008,1
448,127987,1659,306979,0,0,0,1,0x997022AD,0x5586,0x0000,1
449,127991,282116,306923,0,0,0,1,0x4060F261,0x5586,0x0004,1
450,127989,89892,281839,0,0,0,1,0xA2370D85,0x5586,0x0008,1
451,127989,1702,306971,0,0,0,1,0x040A747C,0x5586,0x0000,1
452,127985,282145,306898,0,0,0,1,0x70648518,0x5586,0x0004,1
453,127987,86648,281824,0,0,0,1,0xC628FB41,0x5586,0x0008,1
454,127981,1710,306975,0,0,0,1,0xA2370D85,0x5586,0x0000,1
455,127999,282406,308183,0,0,0,1,0x19405F2B,0x5586,0x0004,1
456,127979,89245,280433,0,0,0,1,0x3CEEE152,0x5586,0x0008,1
457,127991,1698,306971,0,0,0,1,0xC628FB41,0x5586,0x0000,1
458,127987,282388,306931,0,0,0,1,0x17547EFA,0x5586,0x0004,1
459,127993,85527,281386,0,0,0,1,0xF6232A9F,0x5586,0x0008,1
460,127978,1704,306971,0,0,0,1,0x3CEEE152,0x5586,0x0000,1
461,127994,282383,307581,0,0,0,1,0x144FAE42,0x5586,0x0004,1
462,127975,83576,280672,0,0,0,1,0xBAB2D61B,0x5586,0x0008,1
463,127987,1698,306972,0,0,0,1,0xF6232A9F,0x5586,0x0000,1
464,127995,282431,307948,0,0,0,1,0x26CC88EE,0x5586,0x0004,1
465,127979,83795,280248,0,0,0,1,0x3C7ADCB0,0x5586,0x0008,1
466,127992,1651,306975,0,0,0,1,0xBAB2D61B,0x5586,0x0000,1
467,127988,269492,306710,0,0,0,1,0x87AAF09D,0x5586,0x0004,1
468,127989,66115,281378,0,0,0,1,0xA9757E2D,0x5586,0x0008,1
469,127987,1702,306971,0,0,0,1,0x3C7ADCB0,0x5586,0x0000,1
470,128017,268503,306725,0,0,0,1,0x72AF72D3,0x5586,0x0004,1
471,127951,69892,281295,0,0,0,1,0xF1280944,0x5586,0x0008,1
472,127988,1647,306972,0,0,0,1,0xA9757E2D,0x5586,0x0000,1
473,127986,268758,306682,0,0,0,1,0x851FA78A,0x5586,0x0004,1
474,127987,75121,281283,0,0,0,1,0xC0574A56,0x5586,0x0008,1
475,127989,1698,306971,0,0,0,1,0xF1280944,0x5586,0x0000,1
476,127991,270092,306661,0,0,0,1,0x5CDBB6D4,0x5586,0x0004,1
477,127979,71173,281063,0,0,0,1,0xB44B4B70,0x5586,0x0008,1
478,127991,1647,306972,0,0,0,1,0xC0574A56,0x5586,0x0000,1
479,127987,274637,306500,0,0,0,1,0x7C27A832,0x5586,0x0004,1
480,127991,60748,281172,0,0,0,1,0x489E5C01,0x5586,0x0008,1
481,127983,1698,306971,0,0,0,1,0xB44B4B70,0x5586,0x0000,1
482,127989,274638,306524,0,0,0,1,0x2FC7FC49,0x5586,0x0004,1
483,127984,61543,281046,0,0,0,1,0x5C99325B,0x5586,0x0008,1
484,127988,1662,306972,0,0,0,1,0x489E5C01,0x5586,0x0000,1
485,127985,274878,307295,0,0,0,1,0x268ED9C4,0x5586,0x0004,1
486,127994,73217,280740,0,0,0,1,0x876AAA0E,0x5586,0x0008,1
487,127986,1651,306979,0,0,0,1,0x5C99325B,0x5586,0x0000,1
488,127979,274458,306506,0,0,0,1,0xC64738F8,0x5586,0x0004,1
489,127988,81953,281990,0,0,0,1,0xDB9450F3,0x5586,0x0008,1
490,127990,1706,306971,0,0,0,1,0x9D728ACE,0x5586,0x0000,1
491,127986,274555,307603,0,0,0,1,0x9C051614,0x5586,0x0004,1
492,127987,87753,281919,0,0,0,1,0xE23A7428,0x5586,0x0008,1
493,127991,1706,306971,0,0,0,1,0x3AC18EB3,0x5586,0x0000,1
494,127987,273960,306453,0,0,0,1,0x882B66AE,0x5586,0x0004,1
495,127995,100101,284129,0,0,0,1,0x81F40016,0x5586,0x0008,1
496,127976,1706,306972,0,0,0,1,0x8B7D728E,0x5586,0x0000,1
497,127996,273622,307160,0,0,0,1,0xA367E2C5,0x5586,0x0004,1
498,127979,118134,285287,0,0,0,1,0x796777D6,0x5586,0x0008,1
499,127989,1652,306971,0,0,0,1,0x0671C78E,0x5586,0x0000,1
500,127997,274428,306514,0,0,0,1,0xBE41E8E1,0x5586,0x0004,1
501,127980,137573,288364,0,0,0,1,0xB81EC925,0x5586,0x0008,1
502,127981,1706,306975,0,0,0,1,0xAD4BE5AA,0x5586,0x0000,1
503,127987,273861,307581,0,0,0,1,0xB55DC1CC,0x5586,0x0004,1
504,128106,169598,290183,0,0,0,1,0x8275D2D3,0x5586,0x0008,1
505,127869,1654,307023,0,0,0,1,0xA65BE13C,0x5586,0x0000,1
506,127987,273439,306715,0,0,0,1,0x9DE39853,0x5586,0x0004,1
507,127987,204036,294932,0,0,0,1,0x99528AF1,0x5586,0x0008,1
508,127984,1650,306995,0,0,0,1,0x3C7FB509,0x5586,0x0000,1
509,127992,273366,306973,0,0,0,1,0x1508EE46,0x5586,0x0004,1
510,128107,239471,298719,0,0,0,1,0x97D1C65E,0x5586,0x0008,1
511,127866,1654,307027,0,0,0,1,0x1D8B7437,0x5586,0x0000,1
512,127982,273153,307573,0,0,0,1,0x6080BE4C,0x5586,0x0004,1
513,127991,278006,302384,0,0,0,1,0x8EEA8763,0x5586,0x0008,1
514,127982,1652,306995,0,0,0,1,0xD770BC9E,0x5586,0x0000,1
515,127989,302277,307184,0,0,0,1,0x53DE3C3C,0x5586,0x0004,1
516,127994,29075,307357,0,0,0,1,0x37F7218D,0x5586,0x0008,1
517,127982,1652,307023,0,0,0,1,0xB9887EA3,0x5586,0x0000,1
518,127994,302270,307160,0,0,0,1,0x1B301B16,0x5586,0x0004,1
519,128121,29083,307357,0,0,0,1,0x37F7218D,0x5586,0x0008,1
520,127842,1656,306995,0,0,0,1,0xB0D8B72D,0x5586,0x0000,1
521,127988,302239,307185,0,0,0,1,0x9EACC510,0x5586,0x0004,1
522,127991,29106,307356,0,0,0,1,0x37F7218D,0x5586,0x0008,1
523,127986,1654,307023,0,0,0,1,0xB0D8B72D,0x5586,0x0000,1
524,127990,302300,307156,0,0,0,1,0x9EACC510,0x5586,0x0004,1
525,127983,29051,307357,0,0,0,1,0x37F7218D,0x5586,0x0008,1
526,127984,1652,306995,0,0,0,1,0xB0D8B72D,0x5586,0x0000,1
527,127990,302242,307185,0,0,0,1,0x9EACC510,0x5586,0x0004,1
528,127993,29109,307356,0,0,0,1,0x37F7218D,0x5586,0x0008,1
529,127984,1647,307027,0,0,0,1,0xB0D8B72D,0x5586,0x0000,1
530,127990,302264,307149,0,0,0,1,0x9EACC510,0x5586,0x0004,1
531,127981,29090,307356,0,0,0,1,0x37F7218D,0x5586,0x0008,1
532,127991,1698,306971,0,0,0,1,0xB0D8B72D,0x5586,0x0000,1
533,127989,301811,307181,0,0,0,1,0x9EACC510,0x5586,0x0004,1
534,127980,29494,307356,0,0,0,1,0x37F7218D,0x5586,0x0008,1
535,127985,1706,306971,0,0,0,1,0xB0D8B72D,0x5586,0x0000,1
536,127991,301853,307177,0,0,0,1,0x9EACC510,0x5586,0x0004,1
537,127997,29450,307356,0,0,0,1,0x37F7218D,0x5586,0x0008,1
538,127980,1706,306971,0,0,0,1,0xB0D8B72D,0x5586,0x0000,1
539,127983,301859,307181,0,0,0,1,0x9EACC510,0x5586,0x0004,1
540,127992,27047,307356,0,0,0,1,0x37F7218D,0x5586,0x0008,1
541,127987,1702,306975,0,0,0,1,0xB0D8B72D,0x5586,0x0000,1
542,127997,301879,307184,0,0,0,1,0x9EACC510,0x5586,0x0004,1
543,127970,27019,307357,0,0,0,1,0x37F7218D,0x5586,0x0008,1
544,127989,1698,306972,0,0,0,1,0xB0D8B72D,0x5586,0x0000,1
545,128010,301843,307176,0,0,0,1,0x9EACC510,0x5586,0x0004,1
546,127974,27059,307356,0,0,0,1,0x37F7218D,0x5586,0x0008,1
547,127982,1702,306971,0,0,0,1,0xB0D8B72D,0x5586,0x0000,1
548,127981,301864,307181,0,0,0,1,0x9EACC510,0x5586,0x0004,1
549,127990,27044,307356,0,0,0,1,0x37F7218D,0x5586,0x0008,1
550,127990,1706,306971,0,0,0,1,0xB0D8B72D,0x5586,0x0000,1
551,127979,301802,307181,0,0,0,1,0x9EACC510,0x5586,0x0004,1
552,127991,27096,307356,0,0,0,1,0x37F7218D,0x5586,0x0008,1
553,127987,1698,306971,0,0,0,1,0xB0D8B72D,0x5586,0x0000,1
554,127997,301915,307180,0,0,0,1,0x9EACC510,0x5586,0x0004,1
555,127982,26987,307357,0,0,0,1,0x37F7218D,0x5586,0x0008,1
556,127986,1702,306971,0,0,0,1,0xB0D8B72D,0x5586,0x0000,1
557,127980,301800,307185,0,0,0,1,0x9EACC510,0x5586,0x0004,1
558,127995,27096,307356,0,0,0,1,0x37F7218D,0x5586,0x0008,1
559,127982,1655,307023,0,0,0,1,0xB0D8B72D,0x5586,0x0000,1
560,127986,302309,307157,0,0,0,1,0x9EACC510,0x5586,0x0004,1
561,127992,26646,307356,0,0,0,1,0x37F7218D,0x5586,0x0008,1
562,127985,1710,306983,0,0,0,1,0xB0D8B72D,0x5586,0x0000,1
563,127987,301564,307177,0,0,0,1,0x9EACC510,0x5586,0x0004,1
564,128029,29735,307356,0,0,0,1,0x37F7218D,0x5586,0x0008,1
565,127949,1700,306983,0,0,0,1,0xB0D8B72D,0x5586,0x0000,1
566,127983,301582,307173,0,0,0,1,0x9EACC510,0x5586,0x0004,1
567,127993,29717,307356,0,0,0,1,0x37F7218D,0x5586,0x0008,1
568,127981,1704,306983,0,0,0,1,0xB0D8B72D,0x5586,0x0000,1
569,127989,301524,307173,0,0,0,1,0x9EACC510,0x5586,0x0004,1
570,127997,29775,307356,0,0,0,1,0x37F7218D,0x5586,0x0008,1
571,127980,1710,306983,0,0,0,1,0xB0D8B72D,0x5586,0x0000,1
572,127992,301536,307173,0,0,0,1,0x9EACC510,0x5586,0x0004,1
573,127973,29767,307356,0,0,0,1,0x37F7218D,0x5586,0x0008,1
574,127993,1704,306983,0,0,0,1,0xB0D8B72D,0x5586,0x0000,1
575,127983,301545,307181,0,0,0,1,0x9EACC510,0x5586,0x0004,1
576,127983,29746,307356,0,0,0,1,0x37F7218D,0x5586,0x0008,1
577,127988,1702,306983,0,0,0,1,0xB0D8B72D,0x5586,0x0000,1
578,127990,301582,307173,0,0,0,1,0x9EACC510,0x5586,0x0004,1
579,127987,29721,307356,0,0,0,1,0x37F7218D,0x5586,0x0008,1
580,127991,1652,306983,0,0,0,1,0xB0D8B72D,0x5586,0x0000,1
581,127979,301534,307177,0,0,0,1,0x9EACC510,0x5586,0x0004,1
582,127989,29811,307356,0,0,0,1,0x37F7218D,0x5586,0x0008,1
583,127990,1710,306983,0,0,0,1,0xB0D8B72D,0x5586,0x0000,1
584,127982,301574,307177,0,0,0,1,0x9EACC510,0x5586,0x0004,1
585,127991,29731,307356,0,0,0,1,0x37F7218D,0x5586,0x0008,1
586,127991,1710,306983,0,0,0,1,0xB0D8B72D,0x5586,0x0000,1
587,127979,301561,307177,0,0,0,1,0x9EACC510,0x5586,0x0004,1
588,127987,27345,307356,0,0,0,1,0x37F7218D,0x5586,0x0008,1
589,127987,1652,306983,0,0,0,1,0xB0D8B72D,0x5586,0x0000,1
590,128003,301569,307177,0,0,0,1,0x9EACC510,0x5586,0x0004,1
591,127985,27379,307356,0,0,0,1,0x37F7218D,0x5586,0x0008,1
592,127973,1708,306983,0,0,0,1,0xB0D8B72D,0x5586,0x0000,1
593,127999,301559,307181,0,0,0,1,0x9EACC510,0x5586,0x0004,1
594,127981,27341,307356,0,0,0,1,0x37F7218D,0x5586,0x0008,1
595,127991,1700,306983,0,0,0,1,0xB0D8B72D,0x5586,0x0000,1
596,128001,301597,307177,0,0,0,1,0x9EACC510,0x5586,0x0004,1
597,127971,27301,307356,0,0,0,1,0x37F7218D,0x5586,0x0008,1
598,127981,1708,306983,0,0,0,1,0xB0D8B72D,0x5586,0x0000,1
599,128009,301511,307177,0,0,0,1,0x9EACC510,0x5586,0x0004,1
600,127965,27389,307356,0,0,0,1,0x37F7218D,0x5586,0x0008,1
601,127989,1702,306979,0,0,0,1,0xB0D8B72D,0x5586,0x0000,1
602,127983,301620,307177,0,0,0,1,0x9EACC510,0x5586,0x0004,1
603,127987,27282,307356,0,0,0,1,0x37F7218D,0x5586,0x0008,1
604,127993,1708,306983,0,0,0,1,0xB0D8B72D,0x5586,0x0000,1
605,128023,301520,307173,0,0,0,1,0x9EACC510,0x5586,0x0004,1
606,127947,27376,307356,0,0,0,1,0x37F7218D,0x5586,0x0008,1
607,127985,1700,306980,0,0,0,1,0xB0D8B72D,0x5586,0x0000,1
608,128003,301595,307184,0,0,0,1,0x9EACC510,0x5586,0x0004,1
609,127977,27301,307356,0,0,0,1,0x37F7218D,0x5586,0x0008,1
610,127988,1702,306983,0,0,0,1,0xB0D8B72D,0x5586,0x0000,1
611,127986,301540,307181,0,0,0,1,0x9EACC510,0x5586,0x0004,1
612,127989,29759,307356,0,0,0,1,0x37F7218D,0x5586,0x0008,1
613,127979,1700,306980,0,0,0,1,0xB0D8B72D,0x5586,0x0000,1
614,127997,301566,307184,0,0,0,1,0x9EACC510,0x5586,0x0004,1
615,127985,29735,307356,0,0,0,1,0x37F7218D,0x5586,0x0008,1
616,127988,1698,306983,0,0,0,1,0xB0D8B72D,0x5586,0x0000,1
617,127980,301510,307177,0,0,0,1,0x9EACC510,0x5586,0x0004,1
618,128001,29793,307356,0,0,0,1,0x37F7218D,0x5586,0x0008,1
619,127971,1704,306980,0,0,0,1,0xB0D8B72D,0x5586,0x0000,1
620,128029,301565,307183,0,0,0,1,0x9EACC510,0x5586,0x0004,1
621,127945,29738,307357,0,0,0,1,0x37F7218D,0x5586,0x0008,1
622,127994,1704,306979,0,0,0,1,0xB0D8B72D,0x5586,0x0000,1
623,128038,301525,307177,0,0,0,1,0x9EACC510,0x5586,0x0004,1
624,127935,29774,307356,0,0,0,1,0x37F7218D,0x5586,0x0008,1
625,127983,1706,306979,0,0,0,1,0xB0D8B72D,0x5586,0x0000,1
626,127993,301562,307181,0,0,0,1,0x9EACC510,0x5586,0x0004,1
627,127993,29741,307356,0,0,0,1,0x37F7218D,0x5586,0x0008,1
628,127981,1704,306983,0,0,0,1,0xB0D8B72D,0x5586,0x0000,1
629,128025,301540,307177,0,0,0,1,0x9EACC510,0x5586,0x0004,1
630,127941,29759,307356,0,0,0,1,0x37F7218D,0x5586,0x0008,1
631,127997,1704,306983,0,0,0,1,0xB0D8B72D,0x5586,0x0000,1
632,128009,301530,307177,0,0,0,1,0x9EACC510,0x5586,0x0004,1
633,127963,29775,307356,0,0,0,1,0x37F7218D,0x5586,0x0008,1
634,127989,1702,306980,0,0,0,1,0xB0D8B72D,0x5586,0x0000,1
635,127979,301551,307180,0,0,0,1,0x9EACC510,0x5586,0x0004,1
636,127985,27349,307356,0,0,0,1,0x37F7218D,0x5586,0x0008,1
637,127997,1700,306983,0,0,0,1,0xB0D8B72D,0x5586,0x0000,1
638,127981,301563,307173,0,0,0,1,0x9EACC510,0x5586,0x0004,1
639,127993,27339,307356,0,0,0,1,0x37F7218D,0x5586,0x0008,1
640,127983,1704,306983,0,0,0,1,0xB0D8B72D,0x5586,0x0000,1
641,127981,301547,307177,0,0,0,1,0x9EACC510,0x5586,0x0004,1
642,127993,27349,307356,0,0,0,1,0x37F7218D,0x5586,0x0008,1
643,127981,1700,306980,0,0,0,1,0xB0D8B72D,0x5586,0x0000,1
644,127993,301639,307180,0,0,0,1,0x9EACC510,0x5586,0x0004,1
645,127985,27263,307356,0,0,0,1,0x37F7218D,0x5586,0x0008,1
646,127991,1708,306983,0,0,0,1,0xB0D8B72D,0x5586,0x0000,1
647,127981,301555,307177,0,0,0,1,0x9EACC510,0x5586,0x0004,1
648,127987,27349,307356,0,0,0,1,0x37F7218D,0x5586,0x0008,1
649,127996,1702,306983,0,0,0,1,0xB0D8B72D,0x5586,0x0000,1
650,127978,301572,307180,0,0,0,1,0x9EACC510,0x5586,0x0004,1
651,127989,27336,307357,0,0,0,1,0x37F7218D,0x5586,0x0008,1
652,127993,1706,306980,0,0,0,1,0xB0D8B72D,0x5586,0x0000,1
653,127981,301559,307180,0,0,0,1,0x9EACC510,0x5586,0x0004,1
654,127985,27345,307356,0,0,0,1,0x37F7218D,0x5586,0x0008,1
655,127996,1706,306983,0,0,0,1,0xB0D8B72D,0x5586,0x0000,1
656,127984,301557,307177,0,0,0,1,0x9EACC510,0x5586,0x0004,1
657,127983,27339,307356,0,0,0,1,0x37F7218D,0x5586,0x0008,1
658,127985,1704,306983,0,0,0,1,0xB0D8B72D,0x5586,0x0000,1
659,127989,301515,307177,0,0,0,1,0x9EACC510,0x5586,0x0004,1
660,127989,29778,307356,0,0,0,1,0x37F7218D,0x5586,0x0008,1
661,127982,1706,306983,0,0,0,1,0xB0D8B72D,0x5586,0x0000,1
662,127988,301566,307173,0,0,0,1,0x9EACC510,0x5586,0x0004,1
663,127987,29735,307356,0,0,0,1,0x37F7218D,0x5586,0x0008,1
664,127991,1652,306983,0,0,0,1,0xB0D8B72D,0x5586,0x0000,1
665,127989,301578,307173,0,0,0,1,0x9EACC510,0x5586,0x0004,1
666,127991,29771,307356,0,0,0,1,0x37F7218D,0x5586,0x0008,1
667,127981,1704,306983,0,0,0,1,0xB0D8B72D,0x5586,0x0000,1
668,127981,301552,307181,0,0,0,1,0x9EACC510,0x5586,0x0004,1
669,127991,29741,307356,0,0,0,1,0x37F7218D,0x5586,0x0008,1
670,127991,1708,306983,0,0,0,1,0xB0D8B72D,0x5586,0x0000,1
671,127987,301557,307177,0,0,0,1,0x9EACC510,0x5586,0x0004,1
672,127981,29738,307356,0,0,0,1,0x37F7218D,0x5586,0x0008,1
673,127989,1654,307023,0,0,0,1,0xB0D8B72D,0x5586,0x0000,1
674,127983,302272,307164,0,0,0,1,0x9EACC510,0x5586,0x0004,1
675,127989,29083,307357,0,0,0,1,0x37F7218D,0x5586,0x0008,1
676,127985,1656,306995,0,0,0,1,0xB0D8B72D,0x5586,0x0000,1
677,127995,302239,307185,0,0,0,1,0x9EACC510,0x5586,0x0004,1
678,127985,29106,307356,0,0,0,1,0x37F7218D,0x5586,0x0008,1
679,127985,1655,307023,0,0,0,1,0xB0D8B72D,0x5586,0x0000,1
680,127991,302299,307156,0,0,0,1,0x9EACC510,0x5586,0x0004,1
681,127983,29051,307357,0,0,0,1,0x37F7218D,0x5586,0x0008,1
682,127983,1652,306995,0,0,0,1,0xB0D8B72D,0x5586,0x0000,1
683,127991,302301,307185,0,0,0,1,0x9EACC510,0x5586,0x0004,1
684,127989,26651,307356,0,0,0,1,0x37F7218D,0x5586,0x0008,1
685,127987,1647,307027,0,0,0,1,0xB0D8B72D,0x5586,0x0000,1
686,127983,302338,307149,0,0,0,1,0x9EACC510,0x5586,0x0004,1
687,127991,26617,307356,0,0,0,1,0x37F7218D,0x5586,0x0008,1
688,127982,1651,306999,0,0,0,1,0xB0D8B72D,0x5586,0x0000,1
689,127988,302226,307189,0,0,0,1,0x9EACC510,0x5586,0x0004,1
690,128027,26733,307356,0,0,0,1,0x37F7218D,0x5586,0x0008,1
691,127951,1651,307027,0,0,0,1,0xB0D8B72D,0x5586,0x0000,1
692,127989,302226,307153,0,0,0,1,0x9EACC510,0x5586,0x0004,1
693,127981,26733,307356,0,0,0,1,0x37F7218D,0x5586,0x0008,1
694,127986,1651,306999,0,0,0,1,0xB0D8B72D,0x5586,0x0000,1
695,127988,302226,307189,0,0,0,1,0x9EACC510,0x5586,0x0004,1
696,127989,26733,307356,0,0,0,1,0x37F7218D,0x5586,0x0008,1
697,127989,1651,307027,0,0,0,1,0xB0D8B72D,0x5586,0x0000,1
698,127987,302226,307153,0,0,0,1,0x9EACC510,0x5586,0x0004,1
699,127983,26733,307356,0,0,0,1,0x37F7218D,0x5586,0x0008,1
700,127986,1647,306999,0,0,0,1,0xB0D8B72D,0x5586,0x0000,1
701,127986,302226,307189,0,0,0,1,0x9EACC510,0x5586,0x0004,1
702,127989,26733,307356,0,0,0,1,0x37F7218D,0x5586,0x0008,1
703,127989,1649,307023,0,0,0,1,0xB0D8B72D,0x5586,0x0000,1
704,127989,302258,307156,0,0,0,1,0xA09B3E8C,0x5586,0x0004,1
705,127989,25855,307357,0,0,0,1,0xC5FE778D,0x5586,0x0008,1
706,127981,1647,306999,0,0,0,1,0xB0D8B72D,0x5586,0x0000,1
707,127991,302286,307181,0,0,0,1,0x95C4FF10,0x5586,0x0004,1
708,127993,28368,307356,0,0,0,1,0xE6437B8D,0x5586,0x0008,1
709,127979,1655,307023,0,0,0,1,0xA6F5A52D,0x5586,0x0000,1
710,127993,302315,307157,0,0,0,1,0xE10F2910,0x5586,0x0004,1
711,127981,28479,307356,0,0,0,1,0x083DD58D,0x5586,0x0008,1
712,127983,1649,306999,0,0,0,1,0x74ECA92D,0x5586,0x0000,1
713,127989,302245,307185,0,0,0,1,0x399CB910,0x5586,0x0004,1
714,127997,28687,307356,0,0,0,1,0x57AFA58D,0x5586,0x0008,1
715,127979,1649,307023,0,0,0,1,0x78EB8B2D,0x5586,0x0000,1
716,127983,302293,307160,0,0,0,1,0x5350A110,0x5586,0x0004,1
717,127997,28777,307357,0,0,0,1,0x41958D8D,0x5586,0x0008,1
718,127977,1652,306995,0,0,0,1,0xBD359B2D,0x5586,0x0000,1
719,127999,302292,307181,0,0,0,1,0x1A3EF910,0x5586,0x0004,1
720,127977,28923,307356,0,0,0,1,0xEEFFE58D,0x5586,0x0008,1
721,127989,1649,307023,0,0,0,1,0x9B9EE32D,0x5586,0x0000,1
722,127987,302287,307157,0,0,0,1,0xB85BF910,0x5586,0x0004,1
723,127987,29069,307356,0,0,0,1,0x8D1CE58D,0x5586,0x0008,1
724,127985,1650,306995,0,0,0,1,0x30EFDB2D,0x5586,0x0000,1
725,127985,302316,307181,0,0,0,1,0x20AF0910,0x5586,0x0004,1
726,127993,29173,307356,0,0,0,1,0xC29D358D,0x5586,0x0008,1
727,127986,1650,307023,0,0,0,1,0xCF0CDB2D,0x5586,0x0000,1
728,127986,302210,307153,0,0,0,1,0x20AF0910,0x5586,0x0004,1
729,127991,29283,307356,0,0,0,1,0xC29D358D,0x5586,0x0008,1
730,127981,1654,306995,0,0,0,1,0x2B496B2D,0x5586,0x0000,1
731,127987,302275,307185,0,0,0,1,0x393E648C,0x5586,0x0004,1
732,127993,25554,307356,0,0,0,1,0xC29D358D,0x5586,0x0008,1
733,127982,292,307351,0,0,0,1,0x904B32C5,0x26D2,0x000C,1
734,127985,0,307353,0,0,0,1,0x6C8988C5,0x26D2,0x000C,1
735,127988,0,307356,0,0,0,1,0x6C8988C5,0x26D2,0x000C,1
736,127992,0,307356,0,0,0,1,0x6C8988C5,0x26D2,0x000C,1
737,127986,0,307356,0,0,0,1,0x6C8988C5,0x26D2,0x000C,1
738,127996,0,307356,0,0,0,1,0x6C8988C5,0x26D2,0x000C,1
739,127980,0,307356,0,0,0,1,0x6C8988C5,0x26D2,0x000C,1
740,127979,302461,307060,0,0,0,1,0x6C8988C5,0x26D2,0x000C,1
741,127987,79174,307308,0,0,0,1,0x6C8988C5,0x2A40,0x0000,1
742,127991,33950,307315,0,0,0,1,0x6C8988C5,0x2A40,0x0000,1
743,127988,244418,306909,0,0,0,1,0x985A72FA,0x2A40,0x0004,1
744,127982,22623,307329,0,0,0,1,0x064B0782,0x2A40,0x0008,1
745,127987,25688,307317,0,0,0,1,0x7E0552C5,0x2A40,0x0004,1
746,127987,239192,306913,0,0,0,1,0x9C1875DE,0x2A40,0x0008,1
747,127987,25579,307329,0,0,0,1,0xCE8B0A26,0x2A40,0x0008,1
748,127987,21785,307317,0,0,0,1,0xADE251C7,0x2A40,0x0004,1
749,127987,237092,306910,0,0,0,1,0xAD81F7C7,0x2A40,0x0008,1
750,127987,25579,307328,0,0,0,1,0x329AD4C0,0x2A40,0x0008,1
751,127987,21449,307321,0,0,0,1,0x14897A4B,0x2A40,0x0004,1
752,127987,237821,306914,0,0,0,1,0xCC21B037,0x2A40,0x0008,1
753,127994,0,307353,0,0,0,1,0xCC21B037,0x2A40,0x0008,1
754,127986,43533,307297,0,0,0,1,0x0CEA1F24,0x2A40,0x0004,1
755,127981,239794,306886,0,0,0,1,0xDAAC38A5,0x2A40,0x0008,1
756,127987,21451,307329,0,0,0,1,0x3E048BBE,0x2A40,0x0008,1
757,127987,23904,307317,0,0,0,1,0xD673AE90,0x2A40,0x0004,1
758,127987,241164,306889,0,0,0,1,0x4B17156E,0x2A40,0x0008,1
759,127987,21453,307332,0,0,0,1,0xB4F83761,0x2A40,0x0008,1
760,127987,23919,307322,0,0,0,1,0x2CDA10AA,0x2A40,0x0004,1
761,127987,238696,306899,0,0,0,1,0xBA42C949,0x2A40,0x0008,1
762,127987,22378,307333,0,0,0,1,0x48643C8B,0x2A40,0x0008,1
763,128000,18962,307338,0,0,0,1,0x18B54AFD,0x2A40,0x0000,1
764,127974,244521,306883,0,0,0,1,0x5D6E01DA,0x2A40,0x0008,1
765,127987,22150,307333,0,0,0,1,0xD9FC559F,0x2A40,0x0008,1
766,127993,21753,307325,0,0,0,1,0x6626682A,0x2A40,0x0004,1
767,127981,242478,306902,0,0,0,1,0xC337B6B3,0x2A40,0x0008,1
768,127987,3636,307320,0,0,0,1,0x9C4C1116,0x2A40,0x0008,1
769,127993,40083,307302,0,0,0,1,0xD8E4D04D,0x2A40,0x0004,1
770,127981,243841,306888,0,0,0,1,0xE519CDD8,0x2A40,0x0008,1
771,127987,20543,307332,0,0,0,1,0x7F7E0BBE,0x2A40,0x0008,1
772,127987,24610,307313,0,0,0,1,0x6E39C930,0x2A40,0x0004,1
773,127987,241411,306871,0,0,0,1,0x0F98CBCE,0x2A40,0x0008,1
774,127987,0,307353,0,0,0,1,0x0F98CBCE,0x2A40,0x0008,1
775,127993,43354,307294,0,0,0,1,0x9362035B,0x2A40,0x0004,1
776,127981,244696,306877,0,0,0,1,0xC05DC209,0x2A40,0x0008,1
777,127987,21245,307336,0,0,0,1,0xDDB35A4B,0x2A40,0x0008,1
778,127988,21673,307321,0,0,0,1,0x3AD27EE9,0x2A40,0x0000,1
779,127986,242971,306889,0,0,0,1,0x7BD2821A,0x2A40,0x0008,1
780,127987,21415,307333,0,0,0,1,0x0FDEF004,0x2A40,0x0008,1
781,127988,21331,307317,0,0,0,1,0x8DBD0E3A,0x2A40,0x0000,1
782,127986,244509,306893,0,0,0,1,0x16227B0F,0x2A40,0x0008,1
783,127987,19650,307333,0,0,0,1,0x4CB8C91F,0x2A40,0x0008,1
784,127998,21680,307333,0,0,0,1,0xF044FECD,0x2A40,0x0000,1
785,127976,245381,306896,0,0,0,1,0x9ED9938B,0x2A40,0x0008,1
786,127987,19743,307333,0,0,0,1,0xB1C8B997,0x2A40,0x0008,1
787,127993,23828,307317,0,0,0,1,0x7B5D3D44,0x2A40,0x0004,1
788,127981,244365,306914,0,0,0,1,0x11F1BC9B,0x2A40,0x0008,1
789,127991,0,307356,0,0,0,1,0x11F1BC9B,0x2A40,0x0008,1
790,127989,42879,307293,0,0,0,1,0xE8EB2850,0x2A40,0x0004,1
791,127981,243015,306935,0,0,0,1,0x63AE9D1D,0x2A40,0x0008,1
792,127987,20992,307329,0,0,0,1,0xDDBC41E7,0x2A40,0x0008,1
793,127998,21610,307317,0,0,0,1,0xFF7215EC,0x2A40,0x0000,1
794,127980,243793,306959,0,0,0,1,0xAE098593,0x2A40,0x0004,1
795,127983,19979,307333,0,0,0,1,0xED1D22D9,0x2A40,0x0008,1
796,127992,22667,307925,0,0,0,1,0xA245A7D2,0x2A40,0x0000,1
797,127982,242117,306325,0,0,0,1,0xC294E370,0x2A40,0x0008,1
798,127987,18958,307333,0,0,0,1,0xBF7C160B,0x2A40,0x0008,1
799,127996,23693,307345,0,0,0,1,0x9B3DC638,0x2A40,0x0000,1
800,127978,240574,306907,0,0,0,1,0xD7069936,0x2A40,0x0008,1
801,127987,19147,307336,0,0,0,1,0xEAC35DA3,0x2A40,0x0008,1
802,128000,23702,307317,0,0,0,1,0x4D3F938F,0x2A40,0x0000,1
803,127974,241221,306912,0,0,0,1,0x81B7746F,0x2A40,0x0008,1
804,127987,10292,307341,0,0,0,1,0x99AC1C64,0x2A40,0x0008,1
805,127996,32301,307309,0,0,0,1,0xE2DD8775,0x2A40,0x0000,1
806,127978,238773,306938,0,0,0,1,0x2E7CFAA4,0x2A40,0x0008,1
807,127987,19861,307329,0,0,0,1,0x63FD86FA,0x2A40,0x0008,1
808,127993,22732,307321,0,0,0,1,0xF4663BF8,0x2A40,0x0000,1
809,127981,242760,306922,0,0,0,1,0x15072906,0x2A40,0x0008,1
810,127987,18616,307336,0,0,0,1,0x33B23E1F,0x2A40,0x0008,1
811,127990,23977,307321,0,0,0,1,0xBB9F37CB,0x2A40,0x0000,1
812,127984,242686,306912,0,0,0,1,0x09DD7B4C,0x2A40,0x0008,1
813,127987,18454,307336,0,0,0,1,0x2245C6F0,0x2A40,0x0008,1
814,127992,22872,307329,0,0,0,1,0xC59155BD,0x2A40,0x0000,1
815,127982,244126,306870,0,0,0,1,0xA8CD2C85,0x2A40,0x0008,1
816,127987,19638,307332,0,0,0,1,0xB5EE80A6,0x2A40,0x0008,1
817,127996,23000,307325,0,0,0,1,0x7438276B,0x2A40,0x0000,1
818,127978,242813,306867,0,0,0,1,0x18F0A4CA,0x2A40,0x0008,1
819,127987,18298,307329,0,0,0,1,0x79F95C1A,0x2A40,0x0008,1
820,127987,24299,307325,0,0,0,1,0x05261A0E,0x2A40,0x0000,1
821,127987,243739,306830,0,0,0,1,0xA3C17D36,0x2A40,0x0008,1
822,127987,20020,307333,0,0,0,1,0x884BAE2C,0x2A40,0x0008,1
823,127989,22565,307341,0,0,0,1,0x2122F185,0x2A40,0x0000,1
824,127990,244479,306801,0,0,0,1,0x79D4D2E9,0x2A40,0x0004,1
825,127982,18943,307333,0,0,0,1,0x7C08DAAE,0x2A40,0x0008,1
826,127994,24126,307317,0,0,0,1,0xDBF32835,0x2A40,0x0000,1
827,127980,243307,306829,0,0,0,1,0x3149E210,0x2A40,0x0008,1
828,127987,18940,307329,0,0,0,1,0xCBF98DD5,0x2A40,0x0008,1
829,127992,23650,307317,0,0,0,1,0x9FDD34A6,0x2A40,0x0000,1
830,127982,246647,306809,0,0,0,1,0x6F98E042,0x2A40,0x0008,1
831,127987,20342,307333,0,0,0,1,0x718F35FA,0x2A40,0x0008,1
832,127990,22742,307317,0,0,0,1,0xACC28987,0x2A40,0x0000,1
833,127984,244179,306794,0,0,0,1,0xDF2C1B64,0x2A40,0x0008,1
834,127992,0,307357,0,0,0,1,0xDF2C1B64,0x2A40,0x0008,1
835,127988,42716,307285,0,0,0,1,0x2006986D,0x2A40,0x0004,1
836,127981,244432,306771,0,0,0,1,0xB7E52DB1,0x2A40,0x0008,1
837,127987,21569,307325,0,0,0,1,0xCDD93A84,0x2A40,0x0008,1
838,127987,23781,307318,0,0,0,1,0x593401CB,0x2A40,0x0004,1
839,127987,241870,306686,0,0,0,1,0x2D02BFC3,0x2A40,0x0008,1
840,127987,21424,307329,0,0,0,1,0x1DEFC4E9,0x2A40,0x0008,1
841,127998,19908,307337,0,0,0,1,0xF82FEBFE,0x2A40,0x0000,1
842,127976,245411,306562,0,0,0,1,0x2B3035FE,0x2A40,0x0008,1
843,127987,17077,307337,0,0,0,1,0xBBE87FB5,0x2A40,0x0008,1
844,127990,24249,307333,0,0,0,1,0x4FE5862C,0x2A40,0x0000,1
845,127984,242419,306673,0,0,0,1,0xC693722E,0x2A40,0x0008,1
846,127987,19218,307337,0,0,0,1,0x71DAA84A,0x2A40,0x0008,1
847,127995,22954,307337,0,0,0,1,0x51682F3D,0x2A40,0x0000,1
848,127979,242335,306809,0,0,0,1,0xD13E8F94,0x2A40,0x0008,1
849,127987,14373,307340,0,0,0,1,0x114E78A6,0x2A40,0x0008,1
850,127998,28285,307313,0,0,0,1,0xEB82A14D,0x2A40,0x0000,1
851,127976,240415,306813,0,0,0,1,0x59918786,0x2A40,0x0008,1
852,127987,17990,307329,0,0,0,1,0x79D74470,0x2A40,0x0008,1
853,127987,24599,307329,0,0,0,1,0xC8FFB423,0x2A40,0x0000,1
854,127987,244100,306781,0,0,0,1,0xD6370E0B,0x2A40,0x0008,1
855,127987,16071,307336,0,0,0,1,0x5E935F4E,0x2A40,0x0008,1
856,127987,29461,307309,0,0,0,1,0x3E1A4F91,0x2A40,0x0004,1
857,127987,239868,306751,0,0,0,1,0x64FB2573,0x2A40,0x0008,1
858,127987,22805,307332,0,0,0,1,0x9040B359,0x2A40,0x0008,1
859,128001,19778,307321,0,0,0,1,0xFF179570,0x2A40,0x0000,1
860,127973,242811,306655,0,0,0,1,0x8D143350,0x2A40,0x0008,1
861,127987,15622,307337,0,0,0,1,0xE58E228C,0x2A40,0x0008,1
862,127987,29164,307309,0,0,0,1,0x5F6CE86C,0x2A40,0x0004,1
863,127987,240435,306757,0,0,0,1,0x40F2B1D7,0x2A40,0x0008,1
864,127988,0,307357,0,0,0,1,0x40F2B1D7,0x2A40,0x0008,1
865,127987,42030,307305,0,0,0,1,0xDCBEA5F3,0x2A40,0x0000,1
866,127986,245318,306816,0,0,0,1,0x8B90E9D8,0x2A40,0x0008,1
867,127987,13459,307341,0,0,0,1,0x4D19963D,0x2A40,0x0008,1
868,127994,29130,307310,0,0,0,1,0xB2B34C40,0x2A40,0x0000,1
869,127980,245963,306838,0,0,0,1,0xF69276A9,0x2A40,0x0008,1
870,127987,18408,307333,0,0,0,1,0xC4E347C1,0x2A40,0x0008,1
871,128001,22914,307333,0,0,0,1,0x4AC9902F,0x2A40,0x000C,1
872,127977,686,307353,0,0,0,1,0x0D664FC5,0xE5CE,0x0000,1
873,127984,0,307356,0,0,0,1,0x6C8988C5,0xE5CE,0x0000,1
874,127987,0,307356,0,0,0,1,0x6C8988C5,0xE5CE,0x0000,1
875,127987,0,307356,0,0,0,1,0x6C8988C5,0xE5CE,0x0000,1
876,127994,0,307356,0,0,0,1,0x6C8988C5,0xE5CE,0x0000,1
877,127995,0,307356,0,0,0,1,0x6C8988C5,0xE5CE,0x0000,1
878,127973,0,307356,0,0,0,1,0x6C8988C5,0xE5CE,0x0000,1
879,128000,197736,307167,0,0,0,1,0x6C8988C5,0xE5CE,0x0000,1
880,127972,156905,307232,0,0,0,1,0x6C8988C5,0xE90C,0x0000,1
881,127990,58468,307332,0,0,0,1,0xE3E0D336,0xE90C,0x0000,1
882,127984,143709,307138,0,0,0,1,0x15911BCF,0xE90C,0x0000,1
883,127987,21018,308539,0,0,0,1,0x8D723391,0xE90C,0x0000,1
884,127987,143516,306108,0,0,0,1,0xB9C4B071,0xE90C,0x0004,1
885,127987,0,307091,0,0,0,1,0xB9C4B071,0xE90C,0x0004,1
886,127987,0,307093,0,0,0,1,0xB9C4B071,0xE90C,0x0004,1
887,127987,0,307091,0,0,0,1,0xB9C4B071,0xE90C,0x0004,1
888,127987,0,307094,0,0,0,1,0xB9C4B071,0xE90C,0x0004,1
889,127987,0,307088,0,0,0,1,0xB9C4B071,0xE90C,0x0004,1
890,127987,28687,308238,0,0,0,1,0x52B6248F,0xE90C,0x0000,1
891,127987,143029,306120,0,0,0,1,0x72AF0EEB,0xE90C,0x0004,1
892,127987,0,307097,0,0,0,1,0x72AF0EEB,0xE90C,0x0004,1
893,127987,0,307086,0,0,0,1,0x72AF0EEB,0xE90C,0x0004,1
894,127987,0,307093,0,0,0,1,0x72AF0EEB,0xE90C,0x0004,1
895,127987,0,307091,0,0,0,1,0x72AF0EEB,0xE90C,0x0004,1
896,127987,0,307094,0,0,0,1,0x72AF0EEB,0xE90C,0x0004,1
897,127987,0,307088,0,0,0,1,0x72AF0EEB,0xE90C,0x0004,1
898,127987,13315,308441,0,0,0,1,0xE7AAEB63,0xE90C,0x0000,1
899,127987,159922,306038,0,0,0,1,0xB2F760EB,0xE90C,0x0004,1
900,127987,0,307088,0,0,0,1,0xB2F760EB,0xE90C,0x0004,1
901,127987,0,307091,0,0,0,1,0xB2F760EB,0xE90C,0x0004,1
902,127987,0,307091,0,0,0,1,0xB2F760EB,0xE90C,0x0004,1
903,127987,0,307096,0,0,0,1,0xB2F760EB,0xE90C,0x0004,1
904,127987,0,307091,0,0,0,1,0xB2F760EB,0xE90C,0x0004,1
905,127987,6727,307056,0,0,0,1,0xAED1EB7D,0xE90C,0x0000,1
906,127987,18342,308542,0,0,0,1,0xE87F2AB0,0xE90C,0x0000,1
907,127987,148020,306102,0,0,0,1,0x898C80EB,0xE90C,0x0004,1
908,127987,0,307092,0,0,0,1,0x898C80EB,0xE90C,0x0004,1
909,127987,0,307093,0,0,0,1,0x898C80EB,0xE90C,0x0004,1
910,127987,0,307090,0,0,0,1,0x898C80EB,0xE90C,0x0004,1
911,127987,0,307089,0,0,0,1,0x898C80EB,0xE90C,0x0004,1
912,127987,0,307094,0,0,0,1,0x898C80EB,0xE90C,0x0004,1
913,127987,25971,308286,0,0,0,1,0x0FBFB6BD,0xE90C,0x0000,1
914,127987,148290,306118,0,0,0,1,0xB82E8CEB,0xE90C,0x0004,1
915,127987,0,307094,0,0,0,1,0xB82E8CEB,0xE90C,0x0004,1
916,127987,0,307093,0,0,0,1,0xB82E8CEB,0xE90C,0x0004,1
917,127987,0,307094,0,0,0,1,0xB82E8CEB,0xE90C,0x0004,1
918,127987,0,307093,0,0,0,1,0xB82E8CEB,0xE90C,0x0004,1
919,127987,0,307094,0,0,0,1,0xB82E8CEB,0xE90C,0x0004,1
920,127987,0,307091,0,0,0,1,0x179D42C7,0xE90C,0x0004,1
921,127987,27104,308394,0,0,0,1,0xD8C3E2BF,0xE90C,0x0000,1
922,127987,142659,306116,0,0,0,1,0xA0BA04EB,0xE90C,0x0004,1
923,127987,0,307093,0,0,0,1,0xA0BA04EB,0xE90C,0x0004,1
924,127987,0,307091,0,0,0,1,0xA0BA04EB,0xE90C,0x0004,1
925,127987,0,307091,0,0,0,1,0xA0BA04EB,0xE90C,0x0004,1
926,127987,0,307096,0,0,0,1,0xA0BA04EB,0xE90C,0x0004,1
927,127987,0,307094,0,0,0,1,0xA0BA04EB,0xE90C,0x0004,1
928,127987,26871,308149,0,0,0,1,0xF0C2DF77,0xE90C,0x0000,1
929,127987,143279,306067,0,0,0,1,0x4C8668EB,0xE90C,0x0004,1
930,127987,0,307306,0,0,0,1,0x4C8668EB,0xE90C,0x0004,1
931,127987,0,307301,0,0,0,1,0x4C8668EB,0xE90C,0x0004,1
932,127987,0,307290,0,0,0,1,0x4C8668EB,0xE90C,0x0004,1
933,127987,0,307301,0,0,0,1,0x4C8668EB,0xE90C,0x0004,1
934,127987,0,307290,0,0,0,1,0x4C8668EB,0xE90C,0x0004,1
935,127987,0,307301,0,0,0,1,0x4C8668EB,0xE90C,0x0004,1
936,127987,0,307298,0,0,0,1,0x4C8668EB,0xE90C,0x0004,1
937,127987,0,307306,0,0,0,1,0x4C8668EB,0xE90C,0x0004,1
938,127987,0,307301,0,0,0,1,0x4C8668EB,0xE90C,0x0004,1
939,127987,0,307290,0,0,0,1,0x4C8668EB,0xE90C,0x0004,1
940,127987,0,307301,0,0,0,1,0x4C8668EB,0xE90C,0x0004,1
941,127987,0,307298,0,0,0,1,0x4C8668EB,0xE90C,0x0004,1
942,127987,0,307306,0,0,0,1,0x4C8668EB,0xE90C,0x0004,1
943,127987,0,307301,0,0,0,1,0x4C8668EB,0xE90C,0x0004,1
944,127987,0,307290,0,0,0,1,0x4C8668EB,0xE90C,0x0004,1
945,127987,0,307301,0,0,0,1,0x4C8668EB,0xE90C,0x0004,1
946,127987,0,307298,0,0,0,1,0x4C8668EB,0xE90C,0x0004,1
947,127987,0,307306,0,0,0,1,0x4C8668EB,0xE90C,0x0004,1
948,127987,0,307301,0,0,0,1,0x4C8668EB,0xE90C,0x0004,1
949,127987,0,307290,0,0,0,1,0x4C8668EB,0xE90C,0x0004,1
950,127987,0,307301,0,0,0,1,0x4C8668EB,0xE90C,0x0004,1
951,127987,0,307298,0,0,0,1,0x4C8668EB,0xE90C,0x0004,1
952,127987,0,307306,0,0,0,1,0x4C8668EB,0xE90C,0x0004,1
953,127987,0,307301,0,0,0,1,0x4C8668EB,0xE90C,0x0004,1
954,127987,0,307290,0,0,0,1,0x4C8668EB,0xE90C,0x0004,1
955,127987,0,307301,0,0,0,1,0x4C8668EB,0xE90C,0x0004,1
956,127987,0,307298,0,0,0,1,0x4C8668EB,0xE90C,0x0004,1
957,127987,0,307306,0,0,0,1,0x4C8668EB,0xE90C,0x0004,1
958,127987,0,307301,0,0,0,1,0x4C8668EB,0xE90C,0x0004,1
959,127987,0,307290,0,0,0,1,0x4C8668EB,0xE90C,0x0004,1
960,127987,0,307301,0,0,0,1,0x4C8668EB,0xE90C,0x0004,1
961,127987,0,307298,0,0,0,1,0x4C8668EB,0xE90C,0x0004,1
962,127987,0,307306,0,0,0,1,0x4C8668EB,0xE90C,0x0004,1
963,127987,0,307301,0,0,0,1,0x4C8668EB,0xE90C,0x0004,1
964,127987,0,307290,0,0,0,1,0x4C8668EB,0xE90C,0x0004,1
965,127987,0,307301,0,0,0,1,0x4C8668EB,0xE90C,0x0004,1
966,127987,0,307298,0,0,0,1,0x4C8668EB,0xE90C,0x0004,1
967,127987,0,307306,0,0,0,1,0x4C8668EB,0xE90C,0x0004,1
968,127987,0,307301,0,0,0,1,0x4C8668EB,0xE90C,0x0004,1
969,127987,0,307290,0,0,0,1,0x4C8668EB,0xE90C,0x0004,1
970,127987,0,307301,0,0,0,1,0x4C8668EB,0xE90C,0x0004,1
971,127987,0,307298,0,0,0,1,0x4C8668EB,0xE90C,0x0004,1
972,127987,0,307306,0,0,0,1,0x4C8668EB,0xE90C,0x0004,1
973,127987,0,307301,0,0,0,1,0x4C8668EB,0xE90C,0x0004,1
974,127987,0,307290,0,0,0,1,0x4C8668EB,0xE90C,0x0004,1
975,127990,7694,307234,0,0,0,1,0x8E4B9A30,0xE90C,0x0000,1
976,127984,165565,307222,0,0,0,1,0xC9EB88EB,0xE90C,0x0004,1
977,127987,0,307094,0,0,0,1,0xC9EB88EB,0xE90C,0x0004,1
978,127987,0,307093,0,0,0,1,0xC9EB88EB,0xE90C,0x0004,1
979,127987,0,307094,0,0,0,1,0xC9EB88EB,0xE90C,0x0004,1
980,127987,0,307091,0,0,0,1,0xC9EB88EB,0xE90C,0x0004,1
981,127987,0,307093,0,0,0,1,0xC9EB88EB,0xE90C,0x0004,1
982,127987,0,307093,0,0,0,1,0x724223FB,0xE90C,0x0004,1
983,127987,26137,308434,0,0,0,1,0xB4FA5A6F,0xE90C,0x0000,1
984,127987,145574,306111,0,0,0,1,0xC9EB88EB,0xE90C,0x0004,1
985,127987,0,307093,0,0,0,1,0xC9EB88EB,0xE90C,0x0004,1
986,127987,0,307091,0,0,0,1,0xC9EB88EB,0xE90C,0x0004,1
987,127987,0,307091,0,0,0,1,0xC9EB88EB,0xE90C,0x0004,1
988,127987,0,307096,0,0,0,1,0xC9EB88EB,0xE90C,0x0004,1
989,127987,0,307091,0,0,0,1,0xC9EB88EB,0xE90C,0x0004,1
990,127987,25960,308166,0,0,0,1,0xFE8BBFB3,0xE90C,0x0000,1
991,127987,145968,306113,0,0,0,1,0xC9EB88EB,0xE90C,0x0004,1
992,127987,0,307091,0,0,0,1,0xC9EB88EB,0xE90C,0x0004,1
993,127987,0,307094,0,0,0,1,0xC9EB88EB,0xE90C,0x0004,1
994,127987,0,307096,0,0,0,1,0xC9EB88EB,0xE90C,0x0004,1
995,127987,0,307091,0,0,0,1,0xC9EB88EB,0xE90C,0x0004,1
996,127987,0,307093,0,0,0,1,0xC9EB88EB,0xE90C,0x0004,1
997,127987,0,307091,0,0,0,1,0xC9EB88EB,0xE90C,0x0004,1
998,127987,26623,308317,0,0,0,1,0x3446F7EC,0xE90C,0x0000,1
999,127987,143415,306116,0,0,0,1,0xC9EB88EB,0xE90C,0x0004,1
1000,127987,0,307088,0,0,0,1,0xC9EB88EB,0xE90C,0x0004,1
1001,127987,0,307096,0,0,0,1,0xC9EB88EB,0xE90C,0x0004,1
1002,127987,0,307094,0,0,0,1,0xC9EB88EB,0xE90C,0x0004,1
1003,127987,0,307094,0,0,0,1,0xC9EB88EB,0xE90C,0x0004,1
1004,127987,0,307090,0,0,0,1,0xC9EB88EB,0xE90C,0x0004,1
1005,127987,0,307030,0,0,0,1,0x42B2A72D,0xE90C,0x0004,1
1006,127987,27137,308492,0,0,0,1,0xECC64CDD,0xE90C,0x0000,1
1007,127987,144065,306113,0,0,0,1,0xC9EB88EB,0xE90C,0x0004,1
1008,127987,0,307094,0,0,0,1,0xC9EB88EB,0xE90C,0x0004,1
1009,127987,0,307093,0,0,0,1,0xC9EB88EB,0xE90C,0x0004,1
1010,127987,0,307091,0,0,0,1,0xC9EB88EB,0xE90C,0x0004,1
1011,127987,0,307094,0,0,0,1,0xC9EB88EB,0xE90C,0x0004,1
1012,127987,0,307088,0,0,0,1,0xC9EB88EB,0xE90C,0x0004,1
1013,127987,12676,308232,0,0,0,1,0xA2A53C9E,0xE90C,0x0000,1
1014,127987,161561,306100,0,0,0,1,0xC9EB88EB,0xE90C,0x0004,1
1015,127987,0,307096,0,0,0,1,0xC9EB88EB,0xE90C,0x0004,1
1016,127987,0,307091,0,0,0,1,0xC9EB88EB,0xE90C,0x0004,1
1017,127987,0,307096,0,0,0,1,0xC9EB88EB,0xE90C,0x0004,1
1018,127987,0,307091,0,0,0,1,0xC9EB88EB,0xE90C,0x0004,1
1019,127987,0,307094,0,0,0,1,0xC9EB88EB,0xE90C,0x0004,1
1020,127987,0,307093,0,0,0,1,0xC9EB88EB,0xE90C,0x0004,1
1021,127987,26499,308333,0,0,0,1,0x29C5F763,0xE90C,0x0000,1
1022,127987,146189,306113,0,0,0,1,0xC9EB88EB,0xE90C,0x0004,1
1023,127987,0,307096,0,0,0,1,0xC9EB88EB,0xE90C,0x0004,1
1024,127987,0,307094,0,0,0,1,0xC9EB88EB,0xE90C,0x0004,1
1025,127987,0,307088,0,0,0,1,0xC9EB88EB,0xE90C,0x0004,1
1026,127987,0,307091,0,0,0,1,0xC9EB88EB,0xE90C,0x0004,1
1027,127987,0,307093,0,0,0,1,0xC9EB88EB,0xE90C,0x0004,1
1028,127987,3562,307038,0,0,0,1,0xB7E3A6D8,0xE90C,0x0004,1
1029,127992,4121,307424,0,0,0,1,0x5923C643,0xE90C,0x0000,1
1030,127982,165135,307212,0,0,0,1,0xC9EB88EB,0xE90C,0x0004,1
1031,127987,0,307091,0,0,0,1,0xC9EB88EB,0xE90C,0x0004,1
1032,127987,0,307096,0,0,0,1,0xC9EB88EB,0xE90C,0x0004,1
1033,127987,0,307094,0,0,0,1,0xC9EB88EB,0xE90C,0x0004,1
1034,127987,0,307094,0,0,0,1,0xC9EB88EB,0xE90C,0x0004,1
1035,127987,0,307090,0,0,0,1,0xC9EB88EB,0xE90C,0x0004,1
1036,127987,19656,308237,0,0,0,1,0xA0FB308E,0xE90C,0x0000,1
1037,127987,150998,306099,0,0,0,1,0x900AC2EB,0xE90C,0x0004,1
1038,127987,0,307097,0,0,0,1,0x900AC2EB,0xE90C,0x0004,1
1039,127987,0,307091,0,0,0,1,0x900AC2EB,0xE90C,0x0004,1
1040,127987,0,307096,0,0,0,1,0x900AC2EB,0xE90C,0x0004,1
1041,127987,0,307091,0,0,0,1,0x900AC2EB,0xE90C,0x0004,1
1042,127987,0,307094,0,0,0,1,0x900AC2EB,0xE90C,0x0004,1
1043,127987,0,307096,0,0,0,1,0x900AC2EB,0xE90C,0x0004,1
1044,127987,20733,308333,0,0,0,1,0x0F9B9B92,0xE90C,0x0000,1
1045,127987,150532,306121,0,0,0,1,0x5ECB8EEB,0xE90C,0x0004,1
1046,127987,0,307096,0,0,0,1,0x5ECB8EEB,0xE90C,0x0004,1
1047,127987,0,307091,0,0,0,1,0x5ECB8EEB,0xE90C,0x0004,1
1048,127987,0,307094,0,0,0,1,0x5ECB8EEB,0xE90C,0x0004,1
1049,127987,0,307093,0,0,0,1,0x5ECB8EEB,0xE90C,0x0004,1
1050,127987,0,307091,0,0,0,1,0x5ECB8EEB,0xE90C,0x0004,1
1051,127987,6971,307004,0,0,0,1,0xCE38F72C,0xE90C,0x0000,1
1052,127995,763,307438,0,0,0,1,0xE99C293A,0xE90C,0x0000,1
1053,127979,164303,307219,0,0,0,1,0xA1D544EB,0xE90C,0x0004,1
1054,127987,0,307091,0,0,0,1,0xA1D544EB,0xE90C,0x0004,1
1055,127987,0,307093,0,0,0,1,0xA1D544EB,0xE90C,0x0004,1
1056,127987,0,307091,0,0,0,1,0xA1D544EB,0xE90C,0x0004,1
1057,127987,0,307094,0,0,0,1,0xA1D544EB,0xE90C,0x0004,1
1058,127987,0,307093,0,0,0,1,0xA1D544EB,0xE90C,0x0004,1
1059,127987,20219,308197,0,0,0,1,0x6037624C,0xE90C,0x0000,1
1060,127987,150945,306097,0,0,0,1,0xF4CDB4EB,0xE90C,0x0004,1
1061,127987,0,307088,0,0,0,1,0xF4CDB4EB,0xE90C,0x0004,1
1062,127987,0,307094,0,0,0,1,0xF4CDB4EB,0xE90C,0x0004,1
1063,127987,0,307093,0,0,0,1,0xF4CDB4EB,0xE90C,0x0004,1
1064,127987,0,307094,0,0,0,1,0xF4CDB4EB,0xE90C,0x0004,1
1065,127987,0,307093,0,0,0,1,0xF4CDB4EB,0xE90C,0x0004,1
1066,127987,0,307094,0,0,0,1,0xF4CDB4EB,0xE90C,0x0004,1
1067,127987,15898,308329,0,0,0,1,0x543D9043,0xE90C,0x0000,1
1068,127987,154932,306097,0,0,0,1,0x47E27CEB,0xE90C,0x0004,1
1069,127987,0,307096,0,0,0,1,0x47E27CEB,0xE90C,0x0004,1
1070,127987,0,307094,0,0,0,1,0x47E27CEB,0xE90C,0x0004,1
1071,127987,0,307088,0,0,0,1,0x47E27CEB,0xE90C,0x0004,1
1072,127987,0,307091,0,0,0,1,0x47E27CEB,0xE90C,0x0004,1
1073,127987,0,307093,0,0,0,1,0x47E27CEB,0xE90C,0x0004,1
1074,127987,7022,306984,0,0,0,1,0x8414A468,0xE90C,0x0000,1
1075,127987,12135,308550,0,0,0,1,0x718C8BFE,0xE90C,0x0000,1
1076,127987,150684,306102,0,0,0,1,0x1585F4EB,0xE90C,0x0004,1
1077,127987,0,307091,0,0,0,1,0x1585F4EB,0xE90C,0x0004,1
1078,127987,0,307096,0,0,0,1,0x1585F4EB,0xE90C,0x0004,1
1079,127987,0,307091,0,0,0,1,0x1585F4EB,0xE90C,0x0004,1
1080,127987,0,307094,0,0,0,1,0x1585F4EB,0xE90C,0x0004,1
1081,127987,0,307093,0,0,0,1,0x1585F4EB,0xE90C,0x0004,1
1082,127987,21367,308212,0,0,0,1,0x98322F08,0xE90C,0x0000,1
1083,127987,148630,306105,0,0,0,1,0xB3A2F4EB,0xE90C,0x0004,1
1084,127987,0,307096,0,0,0,1,0xB3A2F4EB,0xE90C,0x0004,1
1085,127987,0,307091,0,0,0,1,0xB3A2F4EB,0xE90C,0x0004,1
1086,127987,0,307091,0,0,0,1,0xB3A2F4EB,0xE90C,0x0004,1
1087,127987,0,307096,0,0,0,1,0xB3A2F4EB,0xE90C,0x0004,1
1088,127987,0,307094,0,0,0,1,0xB3A2F4EB,0xE90C,0x0004,1
1089,127987,0,307066,0,0,0,1,0xEC11EDD8,0xE90C,0x0004,1
1090,127989,8838,307303,0,0,0,1,0xEFCE01D1,0xE90C,0x0000,1
1091,127985,160835,307224,0,0,0,1,0x688A24EB,0xE90C,0x0004,1
1092,127987,0,307094,0,0,0,1,0x688A24EB,0xE90C,0x0004,1
1093,127987,0,307093,0,0,0,1,0x688A24EB,0xE90C,0x0004,1
1094,127987,0,307091,0,0,0,1,0x688A24EB,0xE90C,0x0004,1
1095,127987,0,307094,0,0,0,1,0x688A24EB,0xE90C,0x0004,1
1096,127987,0,307088,0,0,0,1,0x688A24EB,0xE90C,0x0004,1
1097,127987,21382,308149,0,0,0,1,0xCD5BDADA,0xE90C,0x0000,1
1098,127987,149546,306113,0,0,0,1,0x688A24EB,0xE90C,0x0004,1
1099,127987,0,307091,0,0,0,1,0x688A24EB,0xE90C,0x0004,1
1100,127987,0,307094,0,0,0,1,0x688A24EB,0xE90C,0x0004,1
1101,127987,0,307096,0,0,0,1,0x688A24EB,0xE90C,0x0004,1
1102,127987,0,307091,0,0,0,1,0x688A24EB,0xE90C,0x0004,1
1103,127987,0,307093,0,0,0,1,0x688A24EB,0xE90C,0x0004,1
1104,127987,0,307091,0,0,0,1,0x688A24EB,0xE90C,0x0004,1
1105,127987,6699,307152,0,0,0,1,0x74F19F5C,0xD48A,0x0000,1
1106,127991,0,307440,0,0,0,1,0x5E509DC5,0xD48A,0x0000,1
1107,127990,0,307441,0,0,0,1,0x6C8988C5,0xD48A,0x0000,1
1108,127981,0,307440,0,0,0,1,0x6C8988C5,0xD48A,0x0000,1
1109,127987,0,307440,0,0,0,1,0x6C8988C5,0xD48A,0x0000,1
1110,127987,0,307440,0,0,0,1,0x6C8988C5,0xD48A,0x0000,1
1111,127989,0,307440,0,0,0,1,0x6C8988C5,0xD48A,0x0000,1
1112,127984,99738,307321,0,0,0,1,0x6C8988C5,0xD48A,0x0000,1
1113,127995,263184,307127,0,0,0,1,0x6C8988C5,0xD48A,0x0000,1
1114,127979,7046,307349,0,0,0,1,0x6C8988C5,0xD864,0x0000,1
1115,127987,39890,307307,0,0,0,1,0x6C8988C5,0xD864,0x0004,1
1116,127987,290953,303619,0,0,0,1,0xCE2A6262,0xD864,0x0008,1
1117,127987,1040,307348,0,0,0,1,0x51D81276,0xD864,0x0008,1
1118,127993,45876,307254,0,0,0,1,0x7E0552C5,0xD864,0x0004,1
1119,127981,306346,306837,0,0,0,1,0xE7D77DA7,0xD864,0x0004,1
1120,127987,28507,306957,0,0,0,1,0x423A02F4,0xD864,0x0008,1
1121,127992,20639,307278,0,0,0,1,0x83A2841C,0xD864,0x0000,1
1122,127982,306518,307478,0,0,0,1,0xFE1A799A,0xD864,0x0004,1
1123,127988,6472,306385,0,0,0,1,0xA4BF76C9,0xD864,0x0008,1
1124,127987,42928,307241,0,0,0,1,0x1990EB7B,0xD864,0x0000,1
1125,127986,306503,306877,0,0,0,1,0x4A62A98A,0xD864,0x0004,1
1126,127987,31602,306912,0,0,0,1,0x4FA4733C,0xD864,0x0008,1
1127,127988,23662,307266,0,0,0,1,0x95630A6F,0xD864,0x0000,1
1128,127986,306531,308030,0,0,0,1,0xB0ACACB2,0xD864,0x0004,1
1129,127987,30780,305796,0,0,0,1,0x1B71AAB7,0xD864,0x0008,1
1130,127988,23822,307265,0,0,0,1,0xA2427B06,0xD864,0x0000,1
1131,127986,306570,308079,0,0,0,1,0xF79844EE,0xD864,0x0004,1
1132,127990,34379,305707,0,0,0,1,0xA0CE6775,0xD864,0x0008,1
1133,127991,18875,307294,0,0,0,1,0xAAA164E5,0xD864,0x0000,1
1134,127980,295642,308111,0,0,0,1,0x9464BFD5,0xD864,0x0004,1
1135,128000,49810,305726,0,0,0,1,0x85430B06,0xD864,0x0008,1
1136,127981,21447,307878,0,0,0,1,0xFE36096F,0xD864,0x0000,1
1137,127980,305928,307500,0,0,0,1,0x41AA1CC7,0xD864,0x0004,1
1138,127992,35940,305758,0,0,0,1,0x36714DAF,0xD864,0x0008,1
1139,127991,20663,307258,0,0,0,1,0x61F10203,0xD864,0x0000,1
1140,127978,306568,308068,0,0,0,1,0x355AB37A,0xD864,0x0004,1
1141,127987,36267,305831,0,0,0,1,0x6691FB5C,0xD864,0x0008,1
1142,127992,23924,307273,0,0,0,1,0x2DB0820E,0xD864,0x0000,1
1143,127982,306581,308131,0,0,0,1,0x54F9BDA3,0xD864,0x0004,1
1144,127987,25358,305792,0,0,0,1,0x5AA7D3CD,0xD864,0x0008,1
1145,127988,32131,307261,0,0,0,1,0xABB40326,0xD864,0x0000,1
1146,127986,306547,308113,0,0,0,1,0x2C199C6B,0xD864,0x0004,1
1147,127994,34761,305828,0,0,0,1,0x4C03497E,0xD864,0x0008,1
1148,127983,20859,307274,0,0,0,1,0xA131C34F,0xD864,0x0000,1
1149,127984,306579,307607,0,0,0,1,0xBF99309D,0xD864,0x0004,1
1150,127993,36176,306306,0,0,0,1,0x1B76E1CD,0xD864,0x0008,1
1151,127995,20975,307278,0,0,0,1,0x932DF62B,0xD864,0x0000,1
1152,127973,306575,306944,0,0,0,1,0xD13EA594,0xD864,0x0004,1
1153,127987,31815,307002,0,0,0,1,0xA14A5315,0xD864,0x0008,1
1154,127991,19709,307293,0,0,0,1,0x9AC79278,0xD864,0x0000,1
1155,127983,287987,308120,0,0,0,1,0xEC4EFE56,0xD864,0x0004,1
1156,127989,56663,305782,0,0,0,1,0x48057105,0xD864,0x0008,1
1157,127992,23080,307274,0,0,0,1,0x13756EDF,0xD864,0x0000,1
1158,127980,306633,307305,0,0,0,1,0x7AEE650B,0xD864,0x0004,1
1159,127992,31685,306657,0,0,0,1,0x6C3B6BCF,0xD864,0x0008,1
1160,127987,21880,307267,0,0,0,1,0xB4030BBF,0xD864,0x0000,1
1161,127982,306642,306990,0,0,0,1,0xBC8827D4,0xD864,0x0004,1
1162,127991,28949,306981,0,0,0,1,0x44D41AEC,0xD864,0x0008,1
1163,127990,20479,307263,0,0,0,1,0x983E23AE,0xD864,0x0000,1
1164,127985,306633,307015,0,0,0,1,0xCD715020,0xD864,0x0004,1
1165,127985,30791,307019,0,0,0,1,0x736ABFE5,0xD864,0x0008,1
1166,127987,21745,307274,0,0,0,1,0x1E14E275,0xD864,0x0000,1
1167,127984,306637,307857,0,0,0,1,0xD341014F,0xD864,0x0004,1
1168,127990,31840,306192,0,0,0,1,0x8E2C233B,0xD864,0x0008,1
1169,127995,23761,307271,0,0,0,1,0x5161AF9F,0xD864,0x0000,1
1170,127976,306640,308187,0,0,0,1,0x71B37FE3,0xD864,0x0004,1
1171,128000,32024,305842,0,0,0,1,0x7D8D2294,0xD864,0x0008,1
1172,127975,22389,307247,0,0,0,1,0x99A253D9,0xD864,0x0000,1
1173,127986,306631,308170,0,0,0,1,0x0FA3F34D,0xD864,0x0004,1
1174,127987,10886,305867,0,0,0,1,0x904C4054,0xD864,0x0008,1
1175,127987,42792,307253,0,0,0,1,0x14F29E6D,0xD864,0x0000,1
1176,127987,306641,308148,0,0,0,1,0x3F769439,0xD864,0x0004,1
1177,127987,31468,305894,0,0,0,1,0x837C2949,0xD864,0x0008,1
1178,127991,20093,307275,0,0,0,1,0x6501401E,0xD864,0x0000,1
1179,127983,306642,308135,0,0,0,1,0x1E42E115,0xD864,0x0004,1
1180,127992,30089,305896,0,0,0,1,0x48B725AF,0xD864,0x0008,1
1181,127992,23899,307270,0,0,0,1,0x4E1A0308,0xD864,0x0000,1
1182,127977,306633,308190,0,0,0,1,0x66A390B5,0xD864,0x0004,1
1183,127991,29872,305842,0,0,0,1,0xC11E0648,0xD864,0x0008,1
1184,127998,17680,307286,0,0,0,1,0x35384A0E,0xD864,0x0000,1
1185,127972,288039,308152,0,0,0,1,0xD1C8DEB2,0xD864,0x0004,1
1186,127992,51474,305816,0,0,0,1,0x9F91E61C,0xD864,0x0008,1
1187,127983,22358,307262,0,0,0,1,0x9D24BFE1,0xD864,0x0000,1
1188,127986,306670,308153,0,0,0,1,0x88D8FBA9,0xD864,0x0004,1
1189,127991,31256,305838,0,0,0,1,0x25D90290,0xD864,0x0008,1
1190,127991,20375,307266,0,0,0,1,0x67AE0BE5,0xD864,0x0000,1
1191,127979,306621,308194,0,0,0,1,0xEEDF51C3,0xD864,0x0004,1
1192,128000,32676,305786,0,0,0,1,0x84FF527D,0xD864,0x0008,1
1193,127987,20995,307250,0,0,0,1,0xC3480FE9,0xD864,0x0000,1
1194,127974,306662,308198,0,0,0,1,0x76D455F0,0xD864,0x0004,1
1195,127987,33195,305804,0,0,0,1,0xE204713A,0xD864,0x0008,1
1196,127987,23761,307274,0,0,0,1,0xEC51FC18,0xD864,0x0000,1
1197,127987,306635,308116,0,0,0,1,0x464560A3,0xD864,0x0004,1
1198,127987,31847,305883,0,0,0,1,0x54879A20,0xD864,0x0008,1
1199,127989,23000,307277,0,0,0,1,0xC9888EED,0xD864,0x0004,1
1200,127985,305396,307017,0,0,0,1,0x4FB9223B,0xD864,0x0004,1
1201,127987,31176,306996,0,0,0,1,0x7FE2503E,0xD864,0x0008,1
1202,127999,21835,307281,0,0,0,1,0xB1F7C531,0xD864,0x0004,1
1203,127975,304458,306995,0,0,0,1,0x473DA572,0xD864,0x0004,1
1204,127994,4430,307061,0,0,0,1,0x6CC4D3D3,0xD864,0x0008,1
1205,127984,40860,307265,0,0,0,1,0x6B83F82D,0xD864,0x0000,1
1206,127983,284079,308187,0,0,0,1,0xEC1E2B46,0xD864,0x0004,1
1207,127987,49599,305814,0,0,0,1,0x8984AD76,0xD864,0x0008,1
1208,128006,27891,307265,0,0,0,1,0x13808205,0xD864,0x0000,1
1209,127968,305319,306979,0,0,0,1,0x25BEDCFF,0xD864,0x0004,1
1210,127987,26131,307074,0,0,0,1,0xC479285B,0xD864,0x0008,1
1211,127993,20974,307273,0,0,0,1,0x7B6D3F11,0xD864,0x0000,1
1212,127981,303927,306985,0,0,0,1,0xDF054D2A,0xD864,0x0004,1
1213,127987,24872,307079,0,0,0,1,0x35A649FE,0xD864,0x0008,1
1214,127997,23336,307281,0,0,0,1,0xF2381DC9,0xD864,0x0000,1
1215,127977,297093,307005,0,0,0,1,0x76CA2204,0xD864,0x0004,1
1216,127992,39929,307068,0,0,0,1,0x471B72AC,0xD864,0x0008,1
1217,127997,18988,307270,0,0,0,1,0xBA1B46D3,0xD864,0x0000,1
1218,127972,303925,306962,0,0,0,1,0xE722C54D,0xD864,0x0004,1
1219,127987,30549,307083,0,0,0,1,0x4675FAFE,0xD864,0x0008,1
1220,127998,25031,307257,0,0,0,1,0x1BF24035,0xD864,0x0000,1
1221,127976,306388,306965,0,0,0,1,0xA5C64F96,0xD864,0x0004,1
1222,127990,26865,307109,0,0,0,1,0xEBAB72C0,0xD864,0x0008,1
1223,127994,20179,307282,0,0,0,1,0x60E6A6C9,0xD864,0x0000,1
1224,127977,304427,307012,0,0,0,1,0x49D96223,0xD864,0x0004,1
1225,127987,22976,307074,0,0,0,1,0x038029EE,0xD864,0x0008,1
1226,127990,30471,307273,0,0,0,1,0x009E662A,0xD864,0x0000,1
1227,127984,306611,307768,0,0,0,1,0x3138F4EF,0xD864,0x0004,1
1228,127990,27057,306313,0,0,0,1,0x598B0008,0xD864,0x0008,1
1229,127998,20160,307282,0,0,0,1,0xE4D5A2CA,0xD864,0x0000,1
1230,127973,300259,307770,0,0,0,1,0x648FACDA,0xD864,0x0004,1
1231,127987,34243,306241,0,0,0,1,0xC9EEBDB4,0xD864,0x0008,1
1232,127998,24897,307265,0,0,0,1,0x827888F2,0xD864,0x0000,1
1233,127976,306577,308166,0,0,0,1,0x3477E3B7,0xD864,0x0004,1
1234,127988,8045,305898,0,0,0,1,0x4F16EAA5,0xD864,0x0008,1
1235,127993,40860,307257,0,0,0,1,0x04C76A79,0xD864,0x000C,1
1236,127991,684,307353,0,0,0,1,0xF359811B,0xD864,0x0010,1
1237,127978,0,307355,0,0,0,1,0x9AD2C385,0xCB00,0x0000,1
1238,127998,192828,307353,0,0,0,1,0x797BA8C5,0xCB00,0x0000,1
1239,127976,0,307356,0,0,0,1,0x797BA8C5,0xCB00,0x0000,1
1240,127990,0,307356,0,0,0,1,0x797BA8C5,0xCB00,0x0000,1
1241,127991,0,307356,0,0,0,1,0x797BA8C5,0xCB00,0x0000,1
1242,127980,0,307356,0,0,0,1,0x797BA8C5,0xCB00,0x0000,1
1243,127988,0,307356,0,0,0,1,0x797BA8C5,0xCB00,0x0000,1
1244,127988,0,307356,0,0,0,1,0x797BA8C5,0xCB00,0x0000,1
1245,127984,0,307356,0,0,0,1,0x797BA8C5,0xCB00,0x0000,1
1246,127987,0,307356,0,0,0,1,0x797BA8C5,0xCB00,0x0000,1
1247,127986,0,307356,0,0,0,1,0x797BA8C5,0xCB00,0x0000,1
1248,127994,0,307356,0,0,0,1,0x797BA8C5,0xCB00,0x0000,1
1249,127992,0,307356,0,0,0,1,0x797BA8C5,0xCB00,0x0000,1
1250,127980,0,307356,0,0,0,1,0x797BA8C5,0xCB00,0x0000,1
1251,127984,0,307356,0,0,0,1,0x797BA8C5,0xCB00,0x0000,1
1252,128010,0,307356,0,0,0,1,0x797BA8C5,0xCB00,0x0000,1
1253,127962,0,307356,0,0,0,1,0x797BA8C5,0xCB00,0x0000,1
1254,127996,0,307356,0,0,0,1,0x797BA8C5,0xCB00,0x0000,1
1255,127978,0,307356,0,0,0,1,0x797BA8C5,0xCB00,0x0000,1
1256,127987,716,307355,0,0,0,1,0x797BA8C5,0xCB00,0x0000,1
1257,127987,0,307357,0,0,0,1,0x797BA8C5,0x4CBC,0x0000,1
1258,127987,4569,306947,0,0,0,1,0x797BA8C5,0x4CBC,0x0000,1
1259,127987,282456,307078,0,0,0,1,0x797BA8C5,0x4CBC,0x0008,1
1260,127988,200170,273583,0,0,0,1,0x697A3A94,0x4CBC,0x0008,1
1261,127993,18454,306802,0,0,0,1,0x797BA8C5,0x4CBC,0x0000,1
1262,127980,278365,307037,0,0,0,1,0x797BA8C5,0x4CBC,0x0008,1
1263,127988,207860,273620,0,0,0,1,0x39D580E4,0x4CBC,0x0008,1
1264,127986,14804,306918,0,0,0,1,0x2AFA03D9,0x4CBC,0x0008,1
1265,127987,0,307064,0,0,0,1,0x2AFA03D9,0x4CBC,0x0008,1
1266,127987,0,307064,0,0,0,1,0x2AFA03D9,0x4CBC,0x0008,1
1267,127987,0,307064,0,0,0,1,0x2AFA03D9,0x4CBC,0x0008,1
1268,127987,0,307064,0,0,0,1,0x2AFA03D9,0x4CBC,0x0008,1
1269,127987,0,307064,0,0,0,1,0x2AFA03D9,0x4CBC,0x0008,1
1270,127987,0,307064,0,0,0,1,0x2AFA03D9,0x4CBC,0x0008,1
1271,127987,0,307064,0,0,0,1,0x2AFA03D9,0x4CBC,0x0008,1
1272,127987,0,307064,0,0,0,1,0x2AFA03D9,0x4CBC,0x0008,1
1273,127987,0,307064,0,0,0,1,0x2AFA03D9,0x4CBC,0x0008,1
1274,127987,0,307064,0,0,0,1,0x2AFA03D9,0x4CBC,0x0008,1
1275,127987,0,307064,0,0,0,1,0x2AFA03D9,0x4CBC,0x0008,1
1276,127987,0,307064,0,0,0,1,0x2AFA03D9,0x4CBC,0x0008,1
1277,127987,0,307064,0,0,0,1,0x2AFA03D9,0x4CBC,0x0008,1
1278,127987,0,307064,0,0,0,1,0x2AFA03D9,0x4CBC,0x0008,1
1279,127987,0,307064,0,0,0,1,0x2AFA03D9,0x4CBC,0x0008,1
