frame,0xFF7B40,0x2600BC64,0x2600BC68,0x2600BC6C,0x2600BC8C,0x2600BC90,0x2600BC00,0x2600BC0C,0x2600FB64,0x20004020
1,0x0,0x0,0x0,0x0,0x0,0x0,0x0,0x0,0x0,0x0
2,0x0,0x0,0x0,0x0,0x0,0x0,0x0,0x0,0x0,0x0
3,0x0,0x0,0x0,0x0,0x0,0x0,0x0,0x0,0x0,0x0
4,0x0,0x0,0x0,0x0,0x0,0x0,0x0,0x0,0x0,0x0
5,0x0,0x0,0x0,0x0,0x0,0x0,0x0,0x0,0x0,0x0
6,0x0,0x0,0x0,0x0,0x0,0x0,0x0,0x0,0x0,0x0
7,0x0,0x0,0x0,0x0,0x0,0x0,0x0,0x0,0x0,0x0
8,0x0,0x0,0x0,0x0,0x0,0x0,0x0,0x0,0x0,0x0
9,0x0,0x0,0x0,0x0,0x0,0x0,0x0,0x0,0x0,0x0
10,0x0,0x0,0x0,0x0,0x0,0x0,0x0,0x0,0x0,0x0
11,0x0,0x0,0x0,0x0,0x0,0x0,0x0,0x0,0x0,0x0
12,0x0,0x0,0x0,0x0,0x0,0x0,0x0,0x0,0x0,0x0
13,0x0,0x0,0x0,0x0,0x0,0x0,0x0,0x0,0x0,0x0
14,0x0,0x0,0x0,0x0,0x0,0x0,0x0,0x0,0x0,0x106
15,0x0,0x0,0x0,0x0,0x0,0x0,0x0,0x0,0x0,0x106
16,0x0,0x0,0x0,0x0,0x0,0x0,0x0,0x0,0x0,0x106
17,0x0,0x0,0x0,0x0,0x0,0x0,0x0,0x0,0x0,0x106
18,0x0,0x0,0x0,0x0,0x0,0x0,0x0,0x0,0x0,0x106
19,0x0,0x0,0x0,0x0,0x0,0x0,0x0,0x0,0x0,0x106
20,0x0,0x0,0x0,0x0,0x0,0x0,0x0,0x0,0x0,0x106
21,0x0,0x0,0x0,0x0,0x0,0x0,0x0,0x0,0x0,0x106
22,0x0,0x0,0x0,0x0,0x0,0x0,0x0,0x0,0x0,0x106
23,0x0,0x0,0x0,0x0,0x0,0x0,0x0,0x0,0x0,0x106
24,0x0,0x0,0x0,0x0,0x0,0x0,0x0,0x0,0x0,0x106
25,0x0,0x0,0x0,0x0,0x0,0x0,0x0,0x0,0x0,0x106
26,0x0,0x0,0x0,0x0,0x0,0x0,0x0,0x0,0x0,0x106
27,0x0,0x0,0x0,0x0,0x0,0x0,0x0,0x0,0x0,0x106
28,0x0,0x0,0x0,0x0,0x0,0x0,0x0,0x0,0x0,0x106
29,0x0,0x0,0x0,0x0,0x0,0x0,0x0,0x0,0x0,0x106
30,0x0,0x0,0x0,0x0,0x0,0x0,0x0,0x0,0x0,0x106
31,0x0,0x0,0x0,0x0,0x0,0x0,0x0,0x0,0x0,0x106
32,0x0,0x0,0x0,0x0,0x0,0x0,0x0,0x0,0x0,0x106
33,0x0,0x0,0x0,0x0,0x0,0x0,0x0,0x0,0x0,0x106
34,0x0,0x0,0x0,0x0,0x0,0x0,0x0,0x0,0x0,0x106
35,0x0,0x0,0x0,0x0,0x0,0x0,0x0,0x0,0x0,0x106
36,0x0,0x0,0x0,0x0,0x0,0x0,0x0,0x0,0x0,0x106
37,0x0,0x0,0x0,0x0,0x0,0x0,0x0,0x0,0x0,0x106
38,0x0,0x0,0x0,0x0,0x0,0x0,0x0,0x0,0x0,0x106
39,0x0,0x0,0x0,0x0,0x0,0x0,0x0,0x0,0x0,0x106
40,0x0,0x0,0x0,0x0,0x0,0x0,0x0,0x0,0x0,0x106
41,0x0,0x0,0x0,0x0,0x0,0x0,0x0,0x0,0x0,0x106
42,0x0,0x0,0x0,0x0,0x0,0x0,0x0,0x0,0x0,0x106
43,0x0,0x0,0x0,0x0,0x0,0x0,0x0,0x0,0x0,0x106
44,0x0,0x0,0x0,0x0,0x0,0x0,0x0,0x0,0x0,0x106
45,0x0,0x0,0x0,0x0,0x0,0x0,0x0,0x0,0x0,0x106
46,0x0,0x0,0x0,0x0,0x0,0x0,0x0,0x0,0x0,0x106
47,0x0,0x0,0x0,0x0,0x0,0x0,0x0,0x0,0x0,0x106
48,0x0,0x0,0x0,0x0,0x0,0x0,0x0,0x0,0x0,0x106
49,0x0,0x0,0x0,0x0,0x0,0x0,0x0,0x0,0x0,0x106
50,0x0,0x0,0x0,0x0,0x0,0x0,0x0,0x0,0x0,0x106
51,0x0,0x0,0x0,0x0,0x0,0x0,0x0,0x0,0x0,0x106
52,0x0,0x0,0x0,0x0,0x0,0x0,0x0,0x0,0x0,0x106
53,0x0,0x0,0x0,0x0,0x0,0x0,0x0,0x0,0x0,0x106
54,0x0,0x0,0x0,0x0,0x0,0x0,0x0,0x0,0x0,0x106
55,0x0,0x0,0x0,0x0,0x0,0x0,0x0,0x0,0x0,0x106
56,0x0,0x0,0x0,0x0,0x0,0x0,0x0,0x0,0x0,0x106
57,0x0,0x0,0x0,0x0,0x0,0x0,0x0,0x0,0x0,0x106
58,0x0,0x0,0x0,0x0,0x0,0x0,0x0,0x0,0x0,0x106
59,0x0,0x0,0x0,0x0,0x0,0x0,0x0,0x0,0x0,0x106
60,0x0,0x0,0x0,0x0,0x0,0x0,0x0,0x0,0x0,0x106
61,0x0,0x0,0x0,0x0,0x0,0x0,0x0,0x0,0x0,0x106
62,0x0,0x0,0x0,0x0,0x0,0x0,0x0,0x0,0x0,0x106
63,0x0,0x0,0x0,0x0,0x0,0x0,0x0,0x0,0x0,0x106
64,0x0,0x0,0x0,0x0,0x0,0x0,0x0,0x0,0x0,0x106
65,0x0,0x0,0x0,0x0,0x0,0x0,0x0,0x0,0x0,0x106
66,0x0,0x0,0x0,0x0,0x0,0x0,0x0,0x0,0x0,0x106
67,0x0,0x0,0x0,0x0,0x0,0x0,0x0,0x0,0x0,0x106
68,0x0,0x0,0x0,0x0,0x0,0x0,0x0,0x0,0x0,0x106
69,0x0,0x0,0x0,0x0,0x0,0x0,0x0,0x0,0x0,0x106
70,0x0,0x0,0x0,0x0,0x0,0x0,0x0,0x0,0x0,0x106
71,0x0,0x0,0x0,0x0,0x0,0x0,0x0,0x0,0x0,0x106
72,0x0,0x0,0x0,0x0,0x0,0x0,0x0,0x0,0x0,0x106
73,0x0,0x0,0x0,0x0,0x0,0x0,0x0,0x0,0x0,0x106
74,0x0,0x0,0x0,0x0,0x0,0x0,0x0,0x0,0x0,0x106
75,0x0,0x0,0x0,0x0,0x0,0x0,0x0,0x0,0x0,0x106
76,0x0,0x0,0x0,0x0,0x0,0x0,0x0,0x0,0x0,0x106
77,0x0,0x0,0x0,0x0,0x0,0x0,0x0,0x0,0x0,0x106
78,0x0,0x0,0x0,0x0,0x0,0x0,0x0,0x0,0x0,0x106
79,0x0,0x0,0x0,0x0,0x0,0x0,0x0,0x0,0x0,0x106
80,0x0,0x0,0x0,0x0,0x0,0x0,0x0,0x0,0x0,0x106
81,0x0,0x0,0x0,0x0,0x0,0x0,0x0,0x0,0x0,0x106
82,0x0,0x0,0x0,0x0,0x0,0x0,0x0,0x0,0x0,0x106
83,0x0,0x0,0x0,0x0,0x0,0x0,0x0,0x0,0x0,0x106
84,0x0,0x0,0x0,0x0,0x0,0x0,0x0,0x0,0x0,0x106
85,0x0,0x0,0x0,0x0,0x0,0x0,0x0,0x0,0x0,0x106
86,0x0,0x0,0x0,0x0,0x0,0x0,0x0,0x0,0x0,0x106
87,0x0,0x0,0x0,0x0,0x0,0x0,0x0,0x0,0x0,0x106
88,0x0,0x0,0x0,0x0,0x0,0x0,0x0,0x0,0x0,0x106
89,0x0,0x0,0x0,0x0,0x0,0x0,0x0,0x0,0x0,0x106
90,0x0,0x0,0x0,0x0,0x0,0x0,0x0,0x0,0x0,0x106
91,0x0,0x0,0x0,0x0,0x0,0x0,0x0,0x0,0x0,0x106
92,0x0,0x0,0x0,0x0,0x0,0x0,0x0,0x0,0x0,0x106
93,0x0,0x0,0x0,0x0,0x0,0x0,0x0,0x0,0x0,0x106
94,0x0,0x0,0x0,0x0,0x0,0x0,0x0,0x0,0x0,0x106
95,0x0,0x0,0x0,0x0,0x0,0x0,0x0,0x0,0x0,0x106
96,0x0,0x0,0x0,0x0,0x0,0x0,0x0,0x0,0x0,0x106
97,0x0,0x0,0x0,0x0,0x0,0x0,0x0,0x0,0x0,0x106
98,0x0,0x0,0x0,0x0,0x0,0x0,0x0,0x0,0x0,0x106
99,0x0,0x0,0x0,0x0,0x0,0x0,0x0,0x0,0x0,0x106
100,0x0,0x0,0x0,0x0,0x0,0x0,0x0,0x0,0x0,0x106
101,0x0,0x0,0x0,0x0,0x0,0x0,0x0,0x0,0x0,0x106
102,0x0,0x0,0x0,0x0,0x0,0x0,0x0,0x0,0x0,0x106
103,0x0,0x0,0x0,0x0,0x0,0x0,0x0,0x0,0x0,0x106
104,0x0,0x0,0x0,0x0,0x0,0x0,0x0,0x0,0x0,0x106
105,0x0,0x0,0x0,0x0,0x0,0x0,0x0,0x0,0x0,0x106
106,0x0,0x0,0x0,0x0,0x0,0x0,0x0,0x0,0x0,0x106
107,0x0,0x0,0x0,0x0,0x0,0x0,0x0,0x0,0x0,0x106
108,0x0,0x0,0x0,0x0,0x0,0x0,0x0,0x0,0x0,0x106
109,0x0,0x0,0x0,0x0,0x0,0x0,0x0,0x0,0x0,0x106
110,0x0,0x0,0x0,0x0,0x0,0x0,0x0,0x0,0x0,0x106
111,0x0,0x0,0x0,0x0,0x0,0x0,0x0,0x0,0x0,0x106
112,0x0,0x0,0x0,0x0,0x0,0x0,0x0,0x0,0x0,0x106
113,0x0,0x0,0x0,0x0,0x0,0x0,0x0,0x0,0x0,0x106
114,0x0,0x0,0x0,0x0,0x0,0x0,0x0,0x0,0x0,0x106
115,0x0,0x0,0x0,0x0,0x0,0x0,0x0,0x0,0x0,0x106
116,0x0,0x0,0x0,0x0,0x0,0x0,0x0,0x0,0x0,0x106
117,0x0,0x0,0x0,0x0,0x0,0x0,0x0,0x0,0x0,0x106
118,0x0,0x0,0x0,0x0,0x0,0x0,0x0,0x0,0x0,0x106
119,0x0,0x0,0x0,0x0,0x0,0x0,0x0,0x0,0x0,0x106
120,0x0,0x0,0x0,0x0,0x0,0x0,0x0,0x0,0x0,0x106
121,0x0,0x0,0x0,0x0,0x0,0x0,0x0,0x0,0x0,0x106
122,0x0,0x0,0x0,0x0,0x0,0x0,0x0,0x0,0x0,0x106
123,0x0,0x0,0x0,0x0,0x0,0x0,0x0,0x0,0x0,0x106
124,0x0,0x0,0x0,0x0,0x0,0x0,0x0,0x0,0x0,0x106
125,0x0,0x0,0x0,0x0,0x0,0x0,0x0,0x0,0x0,0x106
126,0x0,0x0,0x0,0x0,0x0,0x0,0x0,0x0,0x0,0x106
127,0x0,0x0,0x0,0x0,0x0,0x0,0x0,0x0,0x0,0x106
128,0x0,0x0,0x0,0x0,0x0,0x0,0x0,0x0,0x0,0x106
129,0x0,0x0,0x0,0x0,0x0,0x0,0x0,0x0,0x0,0x106
130,0x0,0x0,0x0,0x0,0x0,0x0,0x0,0x0,0x0,0x106
131,0x0,0x0,0x0,0x0,0x0,0x0,0x0,0x0,0x0,0x106
132,0x0,0x0,0x0,0x0,0x0,0x0,0x0,0x0,0x0,0x106
133,0x0,0x0,0x0,0x0,0x0,0x0,0x0,0x0,0x0,0x106
134,0x0,0x0,0x0,0x0,0x0,0x0,0x0,0x0,0x0,0x106
135,0x0,0x0,0x0,0x0,0x0,0x0,0x0,0x0,0x0,0x106
136,0x0,0x0,0x0,0x0,0x0,0x0,0x0,0x0,0x0,0x106
137,0x0,0x0,0x0,0x0,0x0,0x0,0x0,0x0,0x0,0x106
138,0x0,0x0,0x0,0x0,0x0,0x0,0x0,0x0,0x0,0x106
139,0x0,0x0,0x0,0x0,0x0,0x0,0x0,0x0,0x0,0x106
140,0x0,0x0,0x0,0x0,0x0,0x0,0x0,0x0,0x0,0x106
141,0x0,0x0,0x0,0x0,0x0,0x0,0x0,0x0,0x0,0x106
142,0x0,0x0,0x0,0x0,0x0,0x0,0x0,0x0,0x0,0x106
143,0x0,0x0,0x0,0x0,0x0,0x0,0x0,0x0,0x0,0x106
144,0x0,0x0,0x0,0x0,0x0,0x0,0x0,0x0,0x0,0x106
145,0x0,0x0,0x0,0x0,0x0,0x0,0x0,0x0,0x0,0x106
146,0x0,0x0,0x0,0x0,0x0,0x0,0x0,0x0,0x0,0x106
147,0x0,0x0,0x0,0x0,0x0,0x0,0x0,0x0,0x0,0x106
148,0x0,0x0,0x0,0x0,0x0,0x0,0x0,0x0,0x0,0x106
149,0x0,0x0,0x0,0x0,0x0,0x0,0x0,0x0,0x0,0x106
150,0x0,0x0,0x0,0x0,0x0,0x0,0x0,0x0,0x0,0x106
151,0x0,0x0,0x0,0x0,0x0,0x0,0x0,0x0,0x0,0x106
152,0x0,0x0,0x0,0x0,0x0,0x0,0x0,0x0,0x0,0x106
153,0x0,0x0,0x0,0x0,0x0,0x0,0x0,0x0,0x0,0x106
154,0x0,0x0,0x0,0x0,0x0,0x0,0x0,0x0,0x0,0x106
155,0x0,0x0,0x0,0x0,0x0,0x0,0x0,0x0,0x0,0x106
156,0x0,0x0,0x0,0x0,0x0,0x0,0x0,0x0,0x0,0x106
157,0x0,0x0,0x0,0x0,0x0,0x0,0x0,0x0,0x0,0x106
158,0x0,0x0,0x0,0x0,0x0,0x0,0x0,0x0,0x0,0x106
159,0x0,0x0,0x0,0x0,0x0,0x0,0x0,0x0,0x0,0x106
160,0x0,0x0,0x0,0x0,0x0,0x0,0x0,0x0,0x0,0x106
161,0x0,0x0,0x0,0x0,0x0,0x0,0x0,0x0,0x0,0x106
162,0x0,0x0,0x0,0x0,0x0,0x0,0x0,0x0,0x0,0x106
163,0x0,0x0,0x0,0x0,0x0,0x0,0x0,0x0,0x0,0x106
164,0x0,0x0,0x0,0x0,0x0,0x0,0x0,0x0,0x0,0x106
165,0x0,0x0,0x0,0x0,0x0,0x0,0x0,0x0,0x0,0x106
166,0x0,0x0,0x0,0x0,0x0,0x0,0x0,0x0,0x0,0x106
167,0x0,0x0,0x0,0x0,0x0,0x0,0x0,0x0,0x0,0x6
168,0x0,0x0,0x0,0x0,0x0,0x0,0x0,0x0,0x0,0x6
169,0x0,0x0,0x0,0x0,0x0,0x0,0x0,0x0,0x0,0x6
170,0x0,0x0,0x0,0x0,0x0,0x0,0x0,0x0,0x0,0x6
171,0x0,0x0,0x0,0x0,0x0,0x0,0x0,0x0,0x0,0x6
172,0x0,0x0,0x0,0x0,0x0,0x0,0x0,0x0,0x0,0x6
173,0x0,0x0,0x0,0x0,0x0,0x0,0x0,0x0,0x0,0x6
174,0x0,0x0,0x0,0x0,0x0,0x0,0x0,0x0,0x0,0x6
175,0x0,0x0,0x0,0x0,0x0,0x0,0x0,0x0,0x0,0x6
176,0x0,0x0,0x0,0x0,0x0,0x0,0x0,0x0,0x0,0x6
177,0x0,0x0,0x0,0x0,0x0,0x0,0x0,0x0,0x0,0x6
178,0x0,0x0,0x0,0x0,0x0,0x0,0x0,0x0,0x0,0x6
179,0x0,0x0,0x0,0x0,0x0,0x0,0x0,0x0,0x0,0x6
180,0x0,0x0,0x0,0x0,0x0,0x0,0x0,0x0,0x0,0x6
181,0x0,0x0,0x0,0x0,0x0,0x0,0x0,0x0,0x0,0x6
182,0x0,0x0,0x0,0x0,0x0,0x0,0x0,0x0,0x0,0x6
183,0x0,0x0,0x0,0x0,0x0,0x0,0x0,0x0,0x0,0x6
184,0x0,0x0,0x0,0x0,0x0,0x0,0x0,0x0,0x0,0x6
185,0x0,0x0,0x0,0x0,0x0,0x0,0x0,0x0,0x0,0x6
186,0x0,0x0,0x0,0x0,0x0,0x0,0x0,0x0,0x0,0x6
187,0x0,0x0,0x0,0x0,0x0,0x0,0x0,0x0,0x0,0x6
188,0x0,0x0,0x0,0x0,0x0,0x0,0x0,0x0,0x0,0x6
189,0x0,0x0,0x0,0x0,0x0,0x0,0x0,0x0,0x0,0x6
190,0x0,0x0,0x0,0x0,0x0,0x0,0x0,0x0,0x0,0x6
191,0x0,0x0,0x0,0x0,0x0,0x0,0x0,0x0,0x0,0x6
192,0x0,0x0,0x0,0x0,0x0,0x0,0x0,0x0,0x0,0x6
193,0x0,0x0,0x0,0x0,0x0,0x0,0x0,0x0,0x0,0x6
194,0x0,0x0,0x0,0x0,0x0,0x0,0x0,0x0,0x0,0x6
195,0x0,0x0,0x0,0x0,0x0,0x0,0x0,0x0,0x0,0x6
196,0x0,0x0,0x0,0x0,0x0,0x0,0x0,0x0,0x0,0x6
197,0x0,0x0,0x0,0x0,0x0,0x0,0x0,0x0,0x0,0x6
198,0x0,0x0,0x0,0x0,0x0,0x0,0x0,0x0,0x0,0x6
199,0x0,0x0,0x0,0x0,0x0,0x0,0x0,0x0,0x0,0x6
200,0x0,0x0,0x0,0x0,0x0,0x0,0x0,0x0,0x0,0x6
201,0x0,0x0,0x0,0x0,0x0,0x0,0x0,0x0,0x0,0x6
202,0x0,0x0,0x0,0x0,0x0,0x0,0x0,0x0,0x0,0x6
203,0x0,0x0,0x0,0x0,0x0,0x0,0x0,0x0,0x0,0x6
204,0x0,0x0,0x0,0x0,0x0,0x0,0x0,0x0,0x0,0x6
205,0x0,0x0,0x0,0x0,0x0,0x0,0x0,0x0,0x0,0x6
206,0x0,0x0,0x0,0x0,0x0,0x0,0x0,0x0,0x0,0x6
207,0x0,0x0,0x0,0x0,0x0,0x0,0x0,0x0,0x0,0x6
208,0x0,0x0,0x0,0x0,0x0,0x0,0x0,0x0,0x0,0x6
209,0x0,0x0,0x0,0x0,0x0,0x0,0x0,0x0,0x0,0x6
210,0x0,0x0,0x0,0x0,0x0,0x0,0x0,0x0,0x0,0x6
211,0x0,0x0,0x0,0x0,0x0,0x0,0x0,0x0,0x0,0x6
212,0x0,0x0,0x0,0x0,0x0,0x0,0x0,0x0,0x0,0x6
213,0x0,0x0,0x0,0x0,0x0,0x0,0x0,0x0,0x0,0x6
214,0x0,0x0,0x0,0x0,0x0,0x0,0x0,0x0,0x0,0x6
215,0x0,0x0,0x0,0x0,0x0,0x0,0x0,0x0,0x0,0x6
216,0x0,0x0,0x0,0x0,0x0,0x0,0x0,0x0,0x0,0x6
217,0x0,0x0,0x0,0x0,0x0,0x0,0x0,0x0,0x0,0x6
218,0x0,0x0,0x0,0x0,0x0,0x0,0x0,0x0,0x0,0x6
219,0x0,0x0,0x0,0x0,0x0,0x0,0x0,0x0,0x0,0x6
220,0x0,0x0,0x0,0x0,0x0,0x0,0x0,0x0,0x0,0x6
221,0x0,0x0,0x0,0x0,0x0,0x0,0x0,0x0,0x0,0x6
222,0x0,0x0,0x0,0x0,0x0,0x0,0x0,0x0,0x0,0x6
223,0x0,0x0,0x0,0x0,0x0,0x0,0x0,0x0,0x0,0x6
224,0x0,0x0,0x0,0x0,0x0,0x0,0x0,0x0,0x0,0x6
225,0x0,0x0,0x0,0x0,0x0,0x0,0x0,0x0,0x0,0x6
226,0x0,0x0,0x0,0x0,0x0,0x0,0x0,0x0,0x0,0x6
227,0x0,0x0,0x0,0x0,0x0,0x0,0x0,0x0,0x0,0x6
228,0x0,0x0,0x0,0x0,0x0,0x0,0x0,0x0,0x0,0x6
229,0x0,0x0,0x0,0x0,0x0,0x0,0x0,0x0,0x0,0x6
230,0x0,0x0,0x0,0x0,0x0,0x0,0x0,0x0,0x0,0x6
231,0x0,0x0,0x0,0x0,0x0,0x0,0x0,0x0,0x0,0x6
232,0x0,0x0,0x0,0x0,0x0,0x0,0x0,0x0,0x0,0x6
233,0x0,0x0,0x0,0x0,0x0,0x0,0x0,0x0,0x0,0x6
234,0x0,0x0,0x0,0x0,0x0,0x0,0x0,0x0,0x0,0x6
235,0x0,0x0,0x0,0x0,0x0,0x0,0x0,0x0,0x0,0x6
236,0x0,0x0,0x0,0x0,0x0,0x0,0x0,0x0,0x0,0x6
237,0x0,0x0,0x0,0x0,0x0,0x0,0x0,0x0,0x0,0x6
238,0x0,0x0,0x0,0x0,0x0,0x0,0x0,0x0,0x0,0x6
239,0x0,0x0,0x0,0x0,0x0,0x0,0x0,0x0,0x0,0x6
240,0x0,0x0,0x0,0x0,0x0,0x0,0x0,0x0,0x0,0x6
241,0x0,0x0,0x0,0x0,0x0,0x0,0x0,0x0,0x0,0x6
242,0x0,0x0,0x0,0x0,0x0,0x0,0x0,0x0,0x0,0x6
243,0x0,0x0,0x0,0x0,0x0,0x0,0x0,0x0,0x0,0x6
244,0x0,0x0,0x0,0x0,0x0,0x0,0x0,0x0,0x0,0x6
245,0x0,0x0,0x0,0x0,0x0,0x0,0x0,0x0,0x0,0x6
246,0x0,0x0,0x0,0x0,0x0,0x0,0x0,0x0,0x0,0x6
247,0x0,0x0,0x0,0x0,0x0,0x0,0x0,0x0,0x0,0x6
248,0x0,0x0,0x0,0x0,0x0,0x0,0x0,0x0,0x0,0x6
249,0x0,0x0,0x0,0x0,0x0,0x0,0x0,0x0,0x0,0x6
250,0x0,0x0,0x0,0x0,0x0,0x0,0x0,0x0,0x0,0x6
251,0x0,0x0,0x0,0x0,0x0,0x0,0x0,0x0,0x0,0x6
252,0x0,0x0,0x0,0x0,0x0,0x0,0x0,0x0,0x0,0x6
253,0x0,0x0,0x0,0x0,0x0,0x0,0x0,0x0,0x0,0x6
254,0x0,0x0,0x0,0x0,0x0,0x0,0x0,0x0,0x0,0x6
255,0x0,0x0,0x0,0x0,0x0,0x0,0x0,0x0,0x0,0x6
256,0x0,0x0,0x0,0x0,0x0,0x0,0x0,0x0,0x0,0x6
257,0x0,0x0,0x0,0x0,0x0,0x0,0x0,0x0,0x0,0x6
258,0x0,0x0,0x0,0x0,0x0,0x0,0x0,0x0,0x0,0x6
259,0x0,0x0,0x0,0x0,0x0,0x0,0x0,0x0,0x0,0x6
260,0x0,0x0,0x0,0x0,0x0,0x0,0x0,0x0,0x0,0x6
261,0x0,0x0,0x0,0x0,0x0,0x0,0x0,0x0,0x0,0x6
262,0x0,0x0,0x0,0x0,0x0,0x0,0x0,0x0,0x0,0x6
263,0x0,0x0,0x0,0x0,0x0,0x0,0x0,0x0,0x0,0x6
264,0x0,0x0,0x0,0x0,0x0,0x0,0x0,0x0,0x0,0x6
265,0x0,0x0,0x0,0x0,0x0,0x0,0x0,0x0,0x0,0x6
266,0x0,0x0,0x0,0x0,0x0,0x0,0x0,0x0,0x0,0x6
267,0x0,0x0,0x0,0x0,0x0,0x0,0x0,0x0,0x0,0x6
268,0x0,0x0,0x0,0x0,0x0,0x0,0x0,0x0,0x0,0x6
269,0x0,0x0,0x0,0x0,0x0,0x0,0x0,0x0,0x0,0x6
270,0x0,0x0,0x0,0x0,0x0,0x0,0x0,0x0,0x0,0x6
271,0x0,0x0,0x0,0x0,0x0,0x0,0x0,0x0,0x0,0x6
272,0x0,0x0,0x0,0x0,0x0,0x0,0x0,0x0,0x0,0x6
273,0x0,0x0,0x0,0x0,0x0,0x0,0x0,0x0,0x0,0x6
274,0x0,0x0,0x0,0x0,0x0,0x0,0x0,0x0,0x0,0x6
275,0x0,0x0,0x0,0x0,0x0,0x0,0x0,0x0,0x0,0x6
276,0x0,0x0,0x0,0x0,0x0,0x0,0x0,0x0,0x0,0x6
277,0x0,0x0,0x0,0x0,0x0,0x0,0x0,0x0,0x0,0x6
278,0x0,0x0,0x0,0x0,0x0,0x0,0x0,0x0,0x0,0x6
279,0x0,0x0,0x0,0x0,0x0,0x0,0x0,0x0,0x0,0x6
280,0x0,0x0,0x0,0x0,0x0,0x0,0x0,0x0,0x0,0x6
281,0x0,0x0,0x0,0x0,0x0,0x0,0x0,0x0,0x0,0x6
282,0x0,0x0,0x0,0x0,0x0,0x0,0x0,0x0,0x0,0x6
283,0x0,0x0,0x0,0x0,0x0,0x0,0x0,0x0,0x0,0x6
284,0x0,0x0,0x0,0x0,0x0,0x0,0x0,0x0,0x0,0x6
285,0x0,0x0,0x0,0x0,0x0,0x0,0x0,0x0,0x0,0x6
286,0x0,0x0,0x0,0x0,0x0,0x0,0x0,0x0,0x0,0x6
287,0x0,0x0,0x0,0x0,0x0,0x0,0x0,0x0,0x0,0x6
288,0x0,0x0,0x0,0x0,0x0,0x0,0x0,0x0,0x0,0x6
289,0x0,0x0,0x0,0x0,0x0,0x0,0x0,0x0,0x0,0x6
290,0x0,0x0,0x0,0x0,0x0,0x0,0x0,0x0,0x0,0x6
291,0x0,0x0,0x0,0x0,0x0,0x0,0x0,0x0,0x0,0x6
292,0x0,0x0,0x0,0x0,0x0,0x0,0x0,0x0,0x0,0x6
293,0x0,0x0,0x0,0x0,0x0,0x0,0x0,0x0,0x0,0x6
294,0x0,0x0,0x0,0x0,0x0,0x0,0x0,0x0,0x0,0x6
295,0x0,0x0,0x0,0x0,0x0,0x0,0x0,0x0,0x0,0x6
296,0x0,0x0,0x0,0x0,0x0,0x0,0x0,0x0,0x0,0x6
297,0x0,0x0,0x0,0x0,0x0,0x0,0x0,0x0,0x0,0x6
298,0x0,0x0,0x0,0x0,0x0,0x0,0x0,0x0,0x0,0x6
299,0x0,0x0,0x0,0x0,0x0,0x0,0x0,0x0,0x0,0x6
300,0x0,0x0,0x0,0x0,0x0,0x0,0x0,0x0,0x0,0x6
301,0x0,0x0,0x0,0x0,0x0,0x0,0x0,0x0,0x0,0x6
302,0x0,0x0,0x0,0x0,0x0,0x0,0x0,0x0,0x0,0x6
303,0x0,0x0,0x0,0x0,0x0,0x0,0x0,0x0,0x0,0x6
304,0x0,0x0,0x0,0x0,0x0,0x0,0x0,0x0,0x0,0x6
305,0x0,0x0,0x0,0x0,0x0,0x0,0x0,0x0,0x0,0x6
306,0x0,0x0,0x0,0x0,0x0,0x0,0x0,0x0,0x0,0x6
307,0x0,0x0,0x0,0x0,0x0,0x0,0x0,0x0,0x0,0x6
308,0x0,0x0,0x0,0x0,0x0,0x0,0x0,0x0,0x0,0x6
309,0x0,0x0,0x0,0x0,0x0,0x0,0x0,0x0,0x0,0x6
310,0x0,0x0,0x0,0x0,0x0,0x0,0x0,0x0,0x0,0x6
311,0x0,0x0,0x0,0x0,0x0,0x0,0x0,0x0,0x0,0x6
312,0x0,0x0,0x0,0x0,0x0,0x0,0x0,0x0,0x0,0x6
313,0x0,0x0,0x0,0x0,0x0,0x0,0x0,0x0,0x0,0x6
314,0x0,0x0,0x0,0x0,0x0,0x0,0x0,0x0,0x0,0x6
315,0x0,0x0,0x0,0x0,0x0,0x0,0x0,0x0,0x0,0x6
316,0x0,0x0,0x0,0x0,0x0,0x0,0x0,0x0,0x0,0x6
317,0x0,0x0,0x0,0x0,0x0,0x0,0x0,0x0,0x0,0x6
318,0x0,0x0,0x0,0x0,0x0,0x0,0x0,0x0,0x0,0x6
319,0x0,0x0,0x0,0x0,0x0,0x0,0x0,0x0,0x0,0x6
320,0x0,0x0,0x0,0x0,0x0,0x0,0x0,0x0,0x0,0x6
321,0x0,0x0,0x0,0x0,0x0,0x0,0x0,0x0,0x0,0x6
322,0x0,0x0,0x0,0x0,0x0,0x0,0x0,0x0,0x0,0x6
323,0x0,0x0,0x0,0x0,0x0,0x0,0x0,0x0,0x0,0x6
324,0x0,0x0,0x0,0x0,0x0,0x0,0x0,0x0,0x0,0x6
325,0x0,0x0,0x0,0x0,0x0,0x0,0x0,0x0,0x0,0x6
326,0x0,0x0,0x0,0x0,0x0,0x0,0x0,0x0,0x0,0x6
327,0x0,0x0,0x0,0x0,0x0,0x0,0x0,0x0,0x0,0x6
328,0x0,0x0,0x0,0x0,0x0,0x0,0x0,0x0,0x0,0x6
329,0x0,0x0,0x0,0x0,0x0,0x0,0x0,0x0,0x0,0x6
330,0x0,0x0,0x0,0x0,0x0,0x0,0x0,0x0,0x0,0x6
331,0x0,0x0,0x0,0x0,0x0,0x0,0x0,0x0,0x0,0x6
332,0x0,0x0,0x0,0x0,0x0,0x0,0x0,0x0,0x0,0x6
333,0x0,0x0,0x0,0x0,0x0,0x0,0x0,0x0,0x0,0x6
334,0x0,0x0,0x0,0x0,0x0,0x0,0x0,0x0,0x0,0x6
335,0x0,0x0,0x0,0x0,0x0,0x0,0x0,0x0,0x0,0x6
336,0x0,0x0,0x0,0x0,0x0,0x0,0x0,0x0,0x0,0x6
337,0x0,0x0,0x0,0x0,0x0,0x0,0x0,0x0,0x0,0x6
338,0x0,0x0,0x0,0x0,0x0,0x0,0x0,0x0,0x0,0x6
339,0x0,0x0,0x0,0x0,0x0,0x0,0x0,0x0,0x0,0x6
340,0x0,0x0,0x0,0x0,0x0,0x0,0x0,0x0,0x0,0x6
341,0x0,0x0,0x0,0x0,0x0,0x0,0x0,0x0,0x0,0x6
342,0x0,0x0,0x0,0x0,0x0,0x0,0x0,0x0,0x0,0x6
343,0x0,0x0,0x0,0x0,0x0,0x0,0x0,0x0,0x0,0x6
344,0x0,0x0,0x0,0x0,0x0,0x0,0x0,0x0,0x0,0x6
345,0x0,0x0,0x0,0x0,0x0,0x0,0x0,0x0,0x0,0x6
346,0x0,0x0,0x0,0x0,0x0,0x0,0x0,0x0,0x0,0x6
347,0x0,0x0,0x0,0x0,0x0,0x0,0x0,0x0,0x0,0x6
348,0x0,0x0,0x0,0x0,0x0,0x0,0x0,0x0,0x0,0x6
349,0x0,0x0,0x0,0x0,0x0,0x0,0x0,0x0,0x0,0x6
350,0x0,0x0,0x0,0x0,0x0,0x0,0x0,0x0,0x0,0x6
351,0x0,0x0,0x0,0x0,0x0,0x0,0x0,0x0,0x0,0x6
352,0x0,0x0,0x0,0x0,0x0,0x0,0x0,0x0,0x0,0x6
353,0x0,0x0,0x0,0x0,0x0,0x0,0x0,0x0,0x0,0x6
354,0x0,0x0,0x0,0x0,0x0,0x0,0x0,0x0,0x0,0x6
355,0x0,0x0,0x0,0x0,0x0,0x0,0x0,0x0,0x0,0x6
356,0x0,0x0,0x0,0x0,0x0,0x0,0x0,0x0,0x0,0x6
357,0x0,0x0,0x0,0x0,0x0,0x0,0x0,0x0,0x0,0x6
358,0x0,0x0,0x0,0x0,0x0,0x0,0x0,0x0,0x0,0x6
359,0x0,0x0,0x0,0x0,0x0,0x0,0x0,0x0,0x0,0x6
360,0x0,0x0,0x0,0x0,0x0,0x0,0x0,0x0,0x0,0x6
361,0x0,0x0,0x0,0x0,0x0,0x0,0x0,0x0,0x0,0x6
362,0x0,0x0,0x0,0x0,0x0,0x0,0x0,0x0,0x0,0x6
363,0x0,0x0,0x0,0x0,0x0,0x0,0x0,0x0,0x0,0x6
364,0x0,0x0,0x0,0x0,0x0,0x0,0x0,0x0,0x0,0x6
365,0x0,0x0,0x0,0x0,0x0,0x0,0x0,0x0,0x0,0x6
366,0x0,0x0,0x0,0x0,0x0,0x0,0x0,0x0,0x0,0x6
367,0x0,0x0,0x0,0x0,0x0,0x0,0x0,0x0,0x0,0x6
368,0x0,0x0,0x0,0x0,0x0,0x0,0x0,0x0,0x0,0x6
369,0x0,0x0,0x0,0x0,0x0,0x0,0x0,0x0,0x0,0x6
370,0x0,0x0,0x0,0x0,0x0,0x0,0x0,0x0,0x0,0x6
371,0x0,0x0,0x0,0x0,0x0,0x0,0x0,0x0,0x0,0x6
372,0x0,0x0,0x0,0x0,0x0,0x0,0x0,0x0,0x0,0x0
373,0x0,0x0,0x0,0x0,0x0,0x0,0x0,0x0,0x0,0x0
374,0x0,0x0,0x0,0x0,0x0,0x0,0x0,0x0,0x0,0x0
375,0x0,0x0,0x0,0x0,0x0,0x0,0x0,0x0,0x0,0x3
376,0x0,0x0,0x0,0x0,0x0,0x0,0x0,0x0,0x0,0x3
377,0x0,0x0,0x0,0x0,0x0,0x0,0x0,0x0,0x0,0x3
378,0x0,0x0,0x0,0x0,0x0,0x0,0x0,0x0,0x0,0x3
379,0x0,0x0,0x0,0x0,0x0,0x0,0x0,0x0,0x0,0x3
380,0x0,0x0,0x0,0x0,0x0,0x0,0x0,0x0,0x0,0x3
381,0x0,0x0,0x0,0x0,0x0,0x0,0x0,0x0,0x0,0x3
382,0x0,0x0,0x0,0x0,0x0,0x0,0x0,0x0,0x0,0x3
383,0x0,0x0,0x0,0x0,0x0,0x0,0x0,0x0,0x0,0x3
384,0x0,0x0,0x0,0x0,0x0,0x0,0x0,0x0,0x0,0x3
385,0x0,0x0,0x0,0x0,0x0,0x0,0x0,0x0,0x0,0x3
386,0x0,0x0,0x0,0x0,0x0,0x0,0x0,0x0,0x0,0x3
387,0x0,0x0,0x0,0x0,0x0,0x0,0x0,0x0,0x0,0x3
388,0x0,0x0,0x0,0x0,0x0,0x0,0x0,0x0,0x0,0x3
389,0x0,0x0,0x0,0x0,0x0,0x0,0x0,0x0,0x0,0x3
390,0x0,0x0,0x0,0x0,0x0,0x0,0x0,0x0,0x0,0x3
391,0x0,0x0,0x0,0x0,0x0,0x0,0x0,0x0,0x0,0x3
392,0x0,0x0,0x0,0x0,0x0,0x0,0x0,0x0,0x0,0x3
393,0x0,0x0,0x0,0x0,0x0,0x0,0x0,0x0,0x0,0x3
394,0x0,0x0,0x0,0x0,0x0,0x0,0x0,0x0,0x0,0x105
395,0x0,0x0,0x0,0x0,0x0,0x0,0x0,0x0,0x0,0x5
396,0x0,0x0,0x0,0x0,0x0,0x0,0x0,0x0,0x0,0x5
397,0x0,0x0,0x0,0x0,0x0,0x0,0x0,0x0,0x0,0x105
398,0x0,0x0,0x0,0x0,0x0,0x0,0x0,0x0,0x0,0x105
399,0x0,0x0,0x0,0x0,0x0,0x0,0x0,0x0,0x0,0x5
400,0x0,0x0,0x0,0x0,0x0,0x0,0x0,0x0,0x0,0x105
401,0x0,0x0,0x0,0x0,0x0,0x0,0x0,0x0,0x0,0x105
402,0x0,0x0,0x0,0x0,0x0,0x0,0x0,0x0,0x0,0x5
403,0x0,0x0,0x0,0x0,0x0,0x0,0x0,0x0,0x0,0x105
404,0x0,0x0,0x0,0x0,0x0,0x0,0x0,0x0,0x0,0x105
405,0x0,0x0,0x0,0x0,0x0,0x0,0x0,0x0,0x0,0x5
406,0x0,0x0,0x0,0x0,0x0,0x0,0x0,0x0,0x0,0x105
407,0x0,0x0,0x0,0x0,0x0,0x0,0x0,0x0,0x0,0x105
408,0x0,0x0,0x0,0x0,0x0,0x0,0x0,0x0,0x0,0x5
409,0x0,0x0,0x0,0x0,0x0,0x0,0x0,0x0,0x0,0x105
410,0x0,0x0,0x0,0x0,0x0,0x0,0x0,0x0,0x0,0x105
411,0x0,0x0,0x0,0x0,0x0,0x0,0x0,0x0,0x0,0x5
412,0x0,0x0,0x0,0x0,0x0,0x0,0x0,0x0,0x0,0x105
413,0x0,0x0,0x0,0x0,0x0,0x0,0x0,0x0,0x0,0x105
414,0x0,0x0,0x0,0x0,0x0,0x0,0x0,0x0,0x0,0x5
415,0x0,0x0,0x0,0x0,0x0,0x0,0x0,0x0,0x0,0x105
416,0x0,0x0,0x0,0x0,0x0,0x0,0x0,0x0,0x0,0x105
417,0x0,0x0,0x0,0x0,0x0,0x0,0x0,0x0,0x0,0x5
418,0x0,0x0,0x0,0x0,0x0,0x0,0x0,0x0,0x0,0x105
419,0x0,0x0,0x0,0x0,0x0,0x0,0x0,0x0,0x0,0x105
420,0x0,0x0,0x0,0x0,0x0,0x0,0x0,0x0,0x0,0x5
421,0x0,0x0,0x0,0x0,0x0,0x0,0x0,0x0,0x0,0x105
422,0x0,0x0,0x0,0x0,0x0,0x0,0x0,0x0,0x0,0x105
423,0x0,0x0,0x0,0x0,0x0,0x0,0x0,0x0,0x0,0x5
424,0x0,0x0,0x0,0x0,0x0,0x0,0x0,0x0,0x0,0x105
425,0x0,0x0,0x0,0x0,0x0,0x0,0x0,0x0,0x0,0x105
426,0x0,0x0,0x0,0x0,0x0,0x0,0x0,0x0,0x0,0x5
427,0x0,0x0,0x0,0x0,0x0,0x0,0x0,0x0,0x0,0x105
428,0x0,0x0,0x0,0x0,0x0,0x0,0x0,0x0,0x0,0x105
429,0x0,0x0,0x0,0x0,0x0,0x0,0x0,0x0,0x0,0x5
430,0x0,0x0,0x0,0x0,0x0,0x0,0x0,0x0,0x0,0x105
431,0x0,0x0,0x0,0x0,0x0,0x0,0x0,0x0,0x0,0x105
432,0x0,0x0,0x0,0x0,0x0,0x0,0x0,0x0,0x0,0x5
433,0x0,0x0,0x0,0x0,0x0,0x0,0x0,0x0,0x0,0x105
434,0x0,0x0,0x0,0x0,0x0,0x0,0x0,0x0,0x0,0x105
435,0x0,0x0,0x0,0x0,0x0,0x0,0x0,0x0,0x0,0x5
436,0x0,0x0,0x0,0x0,0x0,0x0,0x0,0x0,0x0,0x105
437,0x0,0x0,0x0,0x0,0x0,0x0,0x0,0x0,0x0,0x105
438,0x0,0x0,0x0,0x0,0x0,0x0,0x0,0x0,0x0,0x5
439,0x0,0x0,0x0,0x0,0x0,0x0,0x0,0x0,0x0,0x105
440,0x0,0x0,0x0,0x0,0x0,0x0,0x0,0x0,0x0,0x105
441,0x0,0x0,0x0,0x0,0x0,0x0,0x0,0x0,0x0,0x5
442,0x0,0x0,0x0,0x0,0x0,0x0,0x0,0x0,0x0,0x105
443,0x0,0x0,0x0,0x0,0x0,0x0,0x0,0x0,0x0,0x105
444,0x0,0x0,0x0,0x0,0x0,0x0,0x0,0x0,0x0,0x5
445,0x0,0x0,0x0,0x0,0x0,0x0,0x0,0x0,0x0,0x105
446,0x0,0x0,0x0,0x0,0x0,0x0,0x0,0x0,0x0,0x105
447,0x0,0x0,0x0,0x0,0x0,0x0,0x0,0x0,0x0,0x5
448,0x0,0x0,0x0,0x0,0x0,0x0,0x0,0x0,0x0,0x105
449,0x0,0x0,0x0,0x0,0x0,0x0,0x0,0x0,0x0,0x105
450,0x0,0x0,0x0,0x0,0x0,0x0,0x0,0x0,0x0,0x5
451,0x0,0x0,0x0,0x0,0x0,0x0,0x0,0x0,0x0,0x105
452,0x0,0x0,0x0,0x0,0x0,0x0,0x0,0x0,0x0,0x105
453,0x0,0x0,0x0,0x0,0x0,0x0,0x0,0x0,0x0,0x5
454,0x0,0x0,0x0,0x0,0x0,0x0,0x0,0x0,0x0,0x105
455,0x0,0x0,0x0,0x0,0x0,0x0,0x0,0x0,0x0,0x105
456,0x0,0x0,0x0,0x0,0x0,0x0,0x0,0x0,0x0,0x5
457,0x0,0x0,0x0,0x0,0x0,0x0,0x0,0x0,0x0,0x105
458,0x0,0x0,0x0,0x0,0x0,0x0,0x0,0x0,0x0,0x105
459,0x0,0x0,0x0,0x0,0x0,0x0,0x0,0x0,0x0,0x5
460,0x0,0x0,0x0,0x0,0x0,0x0,0x0,0x0,0x0,0x105
461,0x0,0x0,0x0,0x0,0x0,0x0,0x0,0x0,0x0,0x105
462,0x0,0x0,0x0,0x0,0x0,0x0,0x0,0x0,0x0,0x5
463,0x0,0x0,0x0,0x0,0x0,0x0,0x0,0x0,0x0,0x105
464,0x0,0x0,0x0,0x0,0x0,0x0,0x0,0x0,0x0,0x105
465,0x0,0x0,0x0,0x0,0x0,0x0,0x0,0x0,0x0,0x5
466,0x0,0x0,0x0,0x0,0x0,0x0,0x0,0x0,0x0,0x105
467,0x0,0x0,0x0,0x0,0x0,0x0,0x0,0x0,0x0,0x105
468,0x0,0x0,0x0,0x0,0x0,0x0,0x0,0x0,0x0,0x5
469,0x0,0x0,0x0,0x0,0x0,0x0,0x0,0x0,0x0,0x105
470,0x0,0x0,0x0,0x0,0x0,0x0,0x0,0x0,0x0,0x105
471,0x0,0x0,0x0,0x0,0x0,0x0,0x0,0x0,0x0,0x5
472,0x0,0x0,0x0,0x0,0x0,0x0,0x0,0x0,0x0,0x105
473,0x0,0x0,0x0,0x0,0x0,0x0,0x0,0x0,0x0,0x105
474,0x0,0x0,0x0,0x0,0x0,0x0,0x0,0x0,0x0,0x5
475,0x0,0x0,0x0,0x0,0x0,0x0,0x0,0x0,0x0,0x105
476,0x0,0x0,0x0,0x0,0x0,0x0,0x0,0x0,0x0,0x105
477,0x0,0x0,0x0,0x0,0x0,0x0,0x0,0x0,0x0,0x5
478,0x0,0x0,0x0,0x0,0x0,0x0,0x0,0x0,0x0,0x105
479,0x0,0x0,0x0,0x0,0x0,0x0,0x0,0x0,0x0,0x105
480,0x0,0x0,0x0,0x0,0x0,0x0,0x0,0x0,0x0,0x5
481,0x0,0x0,0x0,0x0,0x0,0x0,0x0,0x0,0x0,0x105
482,0x0,0x0,0x0,0x0,0x0,0x0,0x0,0x0,0x0,0x105
483,0x0,0x0,0x0,0x0,0x0,0x0,0x0,0x0,0x0,0x5
484,0x0,0x0,0x0,0x0,0x0,0x0,0x0,0x0,0x0,0x105
485,0x0,0x0,0x0,0x0,0x0,0x0,0x0,0x0,0x0,0x105
486,0x0,0x0,0x0,0x0,0x0,0x0,0x0,0x0,0x0,0x5
487,0x0,0x0,0x0,0x0,0x0,0x0,0x0,0x0,0x0,0x105
488,0x0,0x0,0x0,0x0,0x0,0x0,0x0,0x0,0x0,0x105
489,0x0,0x0,0x0,0x0,0x0,0x0,0x0,0x0,0x0,0x5
490,0x0,0x0,0x0,0x0,0x0,0x0,0x0,0x0,0x0,0x105
491,0x0,0x0,0x0,0x0,0x0,0x0,0x0,0x0,0x0,0x105
492,0x0,0x0,0x0,0x0,0x0,0x0,0x0,0x0,0x0,0x5
493,0x0,0x0,0x0,0x0,0x0,0x0,0x0,0x0,0x0,0x105
494,0x0,0x0,0x0,0x0,0x0,0x0,0x0,0x0,0x0,0x105
495,0x0,0x0,0x0,0x0,0x0,0x0,0x0,0x0,0x0,0x5
496,0x0,0x0,0x0,0x0,0x0,0x0,0x0,0x0,0x0,0x105
497,0x0,0x0,0x0,0x0,0x0,0x0,0x0,0x0,0x0,0x105
498,0x0,0x0,0x0,0x0,0x0,0x0,0x0,0x0,0x0,0x5
499,0x0,0x0,0x0,0x0,0x0,0x0,0x0,0x0,0x0,0x105
500,0x0,0x0,0x0,0x0,0x0,0x0,0x0,0x0,0x0,0x105
501,0x0,0x0,0x0,0x0,0x0,0x0,0x0,0x0,0x0,0x5
502,0x0,0x0,0x0,0x0,0x0,0x0,0x0,0x0,0x0,0x105
503,0x0,0x0,0x0,0x0,0x0,0x0,0x0,0x0,0x0,0x105
504,0x0,0x0,0x0,0x0,0x0,0x0,0x0,0x0,0x0,0x5
505,0x0,0x0,0x0,0x0,0x0,0x0,0x0,0x0,0x0,0x105
506,0x0,0x0,0x0,0x0,0x0,0x0,0x0,0x0,0x0,0x105
507,0x0,0x0,0x0,0x0,0x0,0x0,0x0,0x0,0x0,0x5
508,0x0,0x0,0x0,0x0,0x0,0x0,0x0,0x0,0x0,0x105
509,0x0,0x0,0x0,0x0,0x0,0x0,0x0,0x0,0x0,0x105
510,0x0,0x0,0x0,0x0,0x0,0x0,0x0,0x0,0x0,0x5
511,0x0,0x0,0x0,0x0,0x0,0x0,0x0,0x0,0x0,0x105
512,0x0,0x0,0x0,0x0,0x0,0x0,0x0,0x0,0x0,0x105
513,0x0,0x0,0x0,0x0,0x0,0x0,0x0,0x0,0x0,0x5
514,0x0,0x0,0x0,0x0,0x0,0x0,0x0,0x0,0x0,0x105
515,0x0,0x0,0x0,0x0,0x0,0x0,0x0,0x0,0x0,0x105
516,0x0,0x0,0x0,0x0,0x0,0x0,0x0,0x0,0x0,0x5
517,0x0,0x0,0x0,0x0,0x0,0x0,0x0,0x0,0x0,0x105
518,0x0,0x0,0x0,0x0,0x0,0x0,0x0,0x0,0x0,0x105
519,0x0,0x0,0x0,0x0,0x0,0x0,0x0,0x0,0x0,0x5
520,0x0,0x0,0x0,0x0,0x0,0x0,0x0,0x0,0x0,0x105
521,0x0,0x0,0x0,0x0,0x0,0x0,0x0,0x0,0x0,0x105
522,0x0,0x0,0x0,0x0,0x0,0x0,0x0,0x0,0x0,0x5
523,0x0,0x0,0x0,0x0,0x0,0x0,0x0,0x0,0x0,0x105
524,0x0,0x0,0x0,0x0,0x0,0x0,0x0,0x0,0x0,0x105
525,0x0,0x0,0x0,0x0,0x0,0x0,0x0,0x0,0x0,0x5
526,0x0,0x0,0x0,0x0,0x0,0x0,0x0,0x0,0x0,0x105
527,0x0,0x0,0x0,0x0,0x0,0x0,0x0,0x0,0x0,0x105
528,0x0,0x0,0x0,0x0,0x0,0x0,0x0,0x0,0x0,0x5
529,0x0,0x0,0x0,0x0,0x0,0x0,0x0,0x0,0x0,0x105
530,0x0,0x0,0x0,0x0,0x0,0x0,0x0,0x0,0x0,0x105
531,0x0,0x0,0x0,0x0,0x0,0x0,0x0,0x0,0x0,0x5
532,0x0,0x0,0x0,0x0,0x0,0x0,0x0,0x0,0x0,0x105
533,0x0,0x0,0x0,0x0,0x0,0x0,0x0,0x0,0x0,0x105
534,0x0,0x0,0x0,0x0,0x0,0x0,0x0,0x0,0x0,0x5
535,0x0,0x0,0x0,0x0,0x0,0x0,0x0,0x0,0x0,0x105
536,0x0,0x0,0x0,0x0,0x0,0x0,0x0,0x0,0x0,0x105
537,0x0,0x0,0x0,0x0,0x0,0x0,0x0,0x0,0x0,0x5
538,0x0,0x0,0x0,0x0,0x0,0x0,0x0,0x0,0x0,0x105
539,0x0,0x0,0x0,0x0,0x0,0x0,0x0,0x0,0x0,0x105
540,0x0,0x0,0x0,0x0,0x0,0x0,0x0,0x0,0x0,0x5
541,0x0,0x0,0x0,0x0,0x0,0x0,0x0,0x0,0x0,0x105
542,0x0,0x0,0x0,0x0,0x0,0x0,0x0,0x0,0x0,0x105
543,0x0,0x0,0x0,0x0,0x0,0x0,0x0,0x0,0x0,0x5
544,0x0,0x0,0x0,0x0,0x0,0x0,0x0,0x0,0x0,0x105
545,0x0,0x0,0x0,0x0,0x0,0x0,0x0,0x0,0x0,0x105
546,0x0,0x0,0x0,0x0,0x0,0x0,0x0,0x0,0x0,0x5
547,0x0,0x0,0x0,0x0,0x0,0x0,0x0,0x0,0x0,0x105
548,0x0,0x0,0x0,0x0,0x0,0x0,0x0,0x0,0x0,0x105
549,0x0,0x0,0x0,0x0,0x0,0x0,0x0,0x0,0x0,0x5
550,0x0,0x0,0x0,0x0,0x0,0x0,0x0,0x0,0x0,0x105
551,0x0,0x0,0x0,0x0,0x0,0x0,0x0,0x0,0x0,0x105
552,0x0,0x0,0x0,0x0,0x0,0x0,0x0,0x0,0x0,0x5
553,0x0,0x0,0x0,0x0,0x0,0x0,0x0,0x0,0x0,0x105
554,0x0,0x0,0x0,0x0,0x0,0x0,0x0,0x0,0x0,0x105
555,0x0,0x0,0x0,0x0,0x0,0x0,0x0,0x0,0x0,0x5
556,0x0,0x0,0x0,0x0,0x0,0x0,0x0,0x0,0x0,0x105
557,0x0,0x0,0x0,0x0,0x0,0x0,0x0,0x0,0x0,0x105
558,0x0,0x0,0x0,0x0,0x0,0x0,0x0,0x0,0x0,0x5
559,0x0,0x0,0x0,0x0,0x0,0x0,0x0,0x0,0x0,0x105
560,0x0,0x0,0x0,0x0,0x0,0x0,0x0,0x0,0x0,0x105
561,0x0,0x0,0x0,0x0,0x0,0x0,0x0,0x0,0x0,0x5
562,0x0,0x0,0x0,0x0,0x0,0x0,0x0,0x0,0x0,0x105
563,0x0,0x0,0x0,0x0,0x0,0x0,0x0,0x0,0x0,0x105
564,0x0,0x0,0x0,0x0,0x0,0x0,0x0,0x0,0x0,0x5
565,0x0,0x0,0x0,0x0,0x0,0x0,0x0,0x0,0x0,0x105
566,0x0,0x0,0x0,0x0,0x0,0x0,0x0,0x0,0x0,0x105
567,0x0,0x0,0x0,0x0,0x0,0x0,0x0,0x0,0x0,0x5
568,0x0,0x0,0x0,0x0,0x0,0x0,0x0,0x0,0x0,0x105
569,0x0,0x0,0x0,0x0,0x0,0x0,0x0,0x0,0x0,0x105
570,0x0,0x0,0x0,0x0,0x0,0x0,0x0,0x0,0x0,0x5
571,0x0,0x0,0x0,0x0,0x0,0x0,0x0,0x0,0x0,0x105
572,0x0,0x0,0x0,0x0,0x0,0x0,0x0,0x0,0x0,0x105
573,0x0,0x0,0x0,0x0,0x0,0x0,0x0,0x0,0x0,0x5
574,0x0,0x0,0x0,0x0,0x0,0x0,0x0,0x0,0x0,0x105
575,0x0,0x0,0x0,0x0,0x0,0x0,0x0,0x0,0x0,0x105
576,0x0,0x0,0x0,0x0,0x0,0x0,0x0,0x0,0x0,0x5
577,0x0,0x0,0x0,0x0,0x0,0x0,0x0,0x0,0x0,0x105
578,0x0,0x0,0x0,0x0,0x0,0x0,0x0,0x0,0x0,0x105
579,0x0,0x0,0x0,0x0,0x0,0x0,0x0,0x0,0x0,0x5
580,0x0,0x0,0x0,0x0,0x0,0x0,0x0,0x0,0x0,0x105
581,0x0,0x0,0x0,0x0,0x0,0x0,0x0,0x0,0x0,0x105
582,0x0,0x0,0x0,0x0,0x0,0x0,0x0,0x0,0x0,0x5
583,0x0,0x0,0x0,0x0,0x0,0x0,0x0,0x0,0x0,0x105
584,0x0,0x0,0x0,0x0,0x0,0x0,0x0,0x0,0x0,0x105
585,0x0,0x0,0x0,0x0,0x0,0x0,0x0,0x0,0x0,0x5
586,0x0,0x0,0x0,0x0,0x0,0x0,0x0,0x0,0x0,0x105
587,0x0,0x0,0x0,0x0,0x0,0x0,0x0,0x0,0x0,0x105
588,0x0,0x0,0x0,0x0,0x0,0x0,0x0,0x0,0x0,0x5
589,0x0,0x0,0x0,0x0,0x0,0x0,0x0,0x0,0x0,0x105
590,0x0,0x0,0x0,0x0,0x0,0x0,0x0,0x0,0x0,0x105
591,0x0,0x0,0x0,0x0,0x0,0x0,0x0,0x0,0x0,0x5
592,0x0,0x0,0x0,0x0,0x0,0x0,0x0,0x0,0x0,0x105
593,0x0,0x0,0x0,0x0,0x0,0x0,0x0,0x0,0x0,0x105
594,0x0,0x0,0x0,0x0,0x0,0x0,0x0,0x0,0x0,0x5
595,0x0,0x0,0x0,0x0,0x0,0x0,0x0,0x0,0x0,0x105
596,0x0,0x0,0x0,0x0,0x0,0x0,0x0,0x0,0x0,0x105
597,0x0,0x0,0x0,0x0,0x0,0x0,0x0,0x0,0x0,0x5
598,0x0,0x0,0x0,0x0,0x0,0x0,0x0,0x0,0x0,0x105
599,0x0,0x0,0x0,0x0,0x0,0x0,0x0,0x0,0x0,0x105
600,0x0,0x0,0x0,0x0,0x0,0x0,0x0,0x0,0x0,0x5
601,0x0,0x0,0x0,0x0,0x0,0x0,0x0,0x0,0x0,0x105
602,0x0,0x0,0x0,0x0,0x0,0x0,0x0,0x0,0x0,0x105
603,0x0,0x0,0x0,0x0,0x0,0x0,0x0,0x0,0x0,0x5
604,0x0,0x0,0x0,0x0,0x0,0x0,0x0,0x0,0x0,0x105
605,0x0,0x0,0x0,0x0,0x0,0x0,0x0,0x0,0x0,0x105
606,0x0,0x0,0x0,0x0,0x0,0x0,0x0,0x0,0x0,0x5
607,0x0,0x0,0x0,0x0,0x0,0x0,0x0,0x0,0x0,0x105
608,0x0,0x0,0x0,0x0,0x0,0x0,0x0,0x0,0x0,0x105
609,0x0,0x0,0x0,0x0,0x0,0x0,0x0,0x0,0x0,0x5
610,0x0,0x0,0x0,0x0,0x0,0x0,0x0,0x0,0x0,0x105
611,0x0,0x0,0x0,0x0,0x0,0x0,0x0,0x0,0x0,0x105
612,0x0,0x0,0x0,0x0,0x0,0x0,0x0,0x0,0x0,0x5
613,0x0,0x0,0x0,0x0,0x0,0x0,0x0,0x0,0x0,0x105
614,0x0,0x0,0x0,0x0,0x0,0x0,0x0,0x0,0x0,0x105
615,0x0,0x0,0x0,0x0,0x0,0x0,0x0,0x0,0x0,0x5
616,0x0,0x0,0x0,0x0,0x0,0x0,0x0,0x0,0x0,0x105
617,0x0,0x0,0x0,0x0,0x0,0x0,0x0,0x0,0x0,0x105
618,0x0,0x0,0x0,0x0,0x0,0x0,0x0,0x0,0x0,0x5
619,0x0,0x0,0x0,0x0,0x0,0x0,0x0,0x0,0x0,0x105
620,0x0,0x0,0x0,0x0,0x0,0x0,0x0,0x0,0x0,0x105
621,0x0,0x0,0x0,0x0,0x0,0x0,0x0,0x0,0x0,0x5
622,0x0,0x0,0x0,0x0,0x0,0x0,0x0,0x0,0x0,0x105
623,0x0,0x0,0x0,0x0,0x0,0x0,0x0,0x0,0x0,0x105
624,0x0,0x0,0x0,0x0,0x0,0x0,0x0,0x0,0x0,0x5
625,0x0,0x0,0x0,0x0,0x0,0x0,0x0,0x0,0x0,0x105
626,0x0,0x0,0x0,0x0,0x0,0x0,0x0,0x0,0x0,0x105
627,0x0,0x0,0x0,0x0,0x0,0x0,0x0,0x0,0x0,0x5
628,0x0,0x0,0x0,0x0,0x0,0x0,0x0,0x0,0x0,0x105
629,0x0,0x0,0x0,0x0,0x0,0x0,0x0,0x0,0x0,0x105
630,0x0,0x0,0x0,0x0,0x0,0x0,0x0,0x0,0x0,0x5
631,0x0,0x0,0x0,0x0,0x0,0x0,0x0,0x0,0x0,0x105
632,0x0,0x0,0x0,0x0,0x0,0x0,0x0,0x0,0x0,0x105
633,0x0,0x0,0x0,0x0,0x0,0x0,0x0,0x0,0x0,0x5
634,0x0,0x0,0x0,0x0,0x0,0x0,0x0,0x0,0x0,0x105
635,0x0,0x0,0x0,0x0,0x0,0x0,0x0,0x0,0x0,0x105
636,0x0,0x0,0x0,0x0,0x0,0x0,0x0,0x0,0x0,0x5
637,0x0,0x0,0x0,0x0,0x0,0x0,0x0,0x0,0x0,0x105
638,0x0,0x0,0x0,0x0,0x0,0x0,0x0,0x0,0x0,0x105
639,0x0,0x0,0x0,0x0,0x0,0x0,0x0,0x0,0x0,0x5
640,0x0,0x0,0x0,0x0,0x0,0x0,0x0,0x0,0x0,0x105
641,0x0,0x0,0x0,0x0,0x0,0x0,0x0,0x0,0x0,0x105
642,0x0,0x0,0x0,0x0,0x0,0x0,0x0,0x0,0x0,0x5
643,0x0,0x0,0x0,0x0,0x0,0x0,0x0,0x0,0x0,0x105
644,0x0,0x0,0x0,0x0,0x0,0x0,0x0,0x0,0x0,0x105
645,0x0,0x0,0x0,0x0,0x0,0x0,0x0,0x0,0x0,0x5
646,0x0,0x0,0x0,0x0,0x0,0x0,0x0,0x0,0x0,0x105
647,0x0,0x0,0x0,0x0,0x0,0x0,0x0,0x0,0x0,0x105
648,0x0,0x0,0x0,0x0,0x0,0x0,0x0,0x0,0x0,0x5
649,0x0,0x0,0x0,0x0,0x0,0x0,0x0,0x0,0x0,0x105
650,0x0,0x0,0x0,0x0,0x0,0x0,0x0,0x0,0x0,0x105
651,0x0,0x0,0x0,0x0,0x0,0x0,0x0,0x0,0x0,0x5
652,0x0,0x0,0x0,0x0,0x0,0x0,0x0,0x0,0x0,0x105
653,0x0,0x0,0x0,0x0,0x0,0x0,0x0,0x0,0x0,0x105
654,0x0,0x0,0x0,0x0,0x0,0x0,0x0,0x0,0x0,0x5
655,0x0,0x0,0x0,0x0,0x0,0x0,0x0,0x0,0x0,0x105
656,0x0,0x0,0x0,0x0,0x0,0x0,0x0,0x0,0x0,0x105
657,0x0,0x0,0x0,0x0,0x0,0x0,0x0,0x0,0x0,0x5
658,0x0,0x0,0x0,0x0,0x0,0x0,0x0,0x0,0x0,0x105
659,0x0,0x0,0x0,0x0,0x0,0x0,0x0,0x0,0x0,0x105
660,0x0,0x0,0x0,0x0,0x0,0x0,0x0,0x0,0x0,0x5
661,0x0,0x0,0x0,0x0,0x0,0x0,0x0,0x0,0x0,0x105
662,0x0,0x0,0x0,0x0,0x0,0x0,0x0,0x0,0x0,0x105
663,0x0,0x0,0x0,0x0,0x0,0x0,0x0,0x0,0x0,0x5
664,0x0,0x0,0x0,0x0,0x0,0x0,0x0,0x0,0x0,0x105
665,0x0,0x0,0x0,0x0,0x0,0x0,0x0,0x0,0x0,0x105
666,0x0,0x0,0x0,0x0,0x0,0x0,0x0,0x0,0x0,0x5
667,0x0,0x0,0x0,0x0,0x0,0x0,0x0,0x0,0x0,0x105
668,0x0,0x0,0x0,0x0,0x0,0x0,0x0,0x0,0x0,0x105
669,0x0,0x0,0x0,0x0,0x0,0x0,0x0,0x0,0x0,0x5
670,0x0,0x0,0x0,0x0,0x0,0x0,0x0,0x0,0x0,0x105
671,0x0,0x0,0x0,0x0,0x0,0x0,0x0,0x0,0x0,0x105
672,0x0,0x0,0x0,0x0,0x0,0x0,0x0,0x0,0x0,0x5
673,0x0,0x0,0x0,0x0,0x0,0x0,0x0,0x0,0x0,0x105
674,0x0,0x0,0x0,0x0,0x0,0x0,0x0,0x0,0x0,0x105
675,0x0,0x0,0x0,0x0,0x0,0x0,0x0,0x0,0x0,0x5
676,0x0,0x0,0x0,0x0,0x0,0x0,0x0,0x0,0x0,0x105
677,0x0,0x0,0x0,0x0,0x0,0x0,0x0,0x0,0x0,0x105
678,0x0,0x0,0x0,0x0,0x0,0x0,0x0,0x0,0x0,0x5
679,0x0,0x0,0x0,0x0,0x0,0x0,0x0,0x0,0x0,0x105
680,0x0,0x0,0x0,0x0,0x0,0x0,0x0,0x0,0x0,0x105
681,0x0,0x0,0x0,0x0,0x0,0x0,0x0,0x0,0x0,0x5
682,0x0,0x0,0x0,0x0,0x0,0x0,0x0,0x0,0x0,0x105
683,0x0,0x0,0x0,0x0,0x0,0x0,0x0,0x0,0x0,0x105
684,0x0,0x0,0x0,0x0,0x0,0x0,0x0,0x0,0x0,0x5
685,0x0,0x0,0x0,0x0,0x0,0x0,0x0,0x0,0x0,0x105
686,0x0,0x0,0x0,0x0,0x0,0x0,0x0,0x0,0x0,0x105
687,0x0,0x0,0x0,0x0,0x0,0x0,0x0,0x0,0x0,0x5
688,0x0,0x0,0x0,0x0,0x0,0x0,0x0,0x0,0x0,0x105
689,0x0,0x0,0x0,0x0,0x0,0x0,0x0,0x0,0x0,0x105
690,0x0,0x0,0x0,0x0,0x0,0x0,0x0,0x0,0x0,0x5
691,0x0,0x0,0x0,0x0,0x0,0x0,0x0,0x0,0x0,0x105
692,0x0,0x0,0x0,0x0,0x0,0x0,0x0,0x0,0x0,0x105
693,0x0,0x0,0x0,0x0,0x0,0x0,0x0,0x0,0x0,0x5
694,0x0,0x0,0x0,0x0,0x0,0x0,0x0,0x0,0x0,0x105
695,0x0,0x0,0x0,0x0,0x0,0x0,0x0,0x0,0x0,0x105
696,0x0,0x0,0x0,0x0,0x0,0x0,0x0,0x0,0x0,0x5
697,0x0,0x0,0x0,0x0,0x0,0x0,0x0,0x0,0x0,0x105
698,0x0,0x0,0x0,0x0,0x0,0x0,0x0,0x0,0x0,0x105
699,0x0,0x0,0x0,0x0,0x0,0x0,0x0,0x0,0x0,0x5
700,0x0,0x0,0x0,0x0,0x0,0x0,0x0,0x0,0x0,0x105
701,0x0,0x0,0x0,0x0,0x0,0x0,0x0,0x0,0x0,0x105
702,0x0,0x0,0x0,0x0,0x0,0x0,0x0,0x0,0x0,0x5
703,0x0,0x0,0x0,0x0,0x0,0x0,0x0,0x0,0x0,0x105
704,0x0,0x0,0x0,0x0,0x0,0x0,0x0,0x0,0x0,0x105
705,0x0,0x0,0x0,0x0,0x0,0x0,0x0,0x0,0x0,0x5
706,0x0,0x0,0x0,0x0,0x0,0x0,0x0,0x0,0x0,0x105
707,0x0,0x0,0x0,0x0,0x0,0x0,0x0,0x0,0x0,0x105
708,0x0,0x0,0x0,0x0,0x0,0x0,0x0,0x0,0x0,0x5
709,0x0,0x0,0x0,0x0,0x0,0x0,0x0,0x0,0x0,0x105
710,0x0,0x0,0x0,0x0,0x0,0x0,0x0,0x0,0x0,0x105
711,0x0,0x0,0x0,0x0,0x0,0x0,0x0,0x0,0x0,0x5
712,0x0,0x0,0x0,0x0,0x0,0x0,0x0,0x0,0x0,0x105
713,0x0,0x0,0x0,0x0,0x0,0x0,0x0,0x0,0x0,0x105
714,0x0,0x0,0x0,0x0,0x0,0x0,0x0,0x0,0x0,0x5
715,0x0,0x0,0x0,0x0,0x0,0x0,0x0,0x0,0x0,0x105
716,0x0,0x0,0x0,0x0,0x0,0x0,0x0,0x0,0x0,0x105
717,0x0,0x0,0x0,0x0,0x0,0x0,0x0,0x0,0x0,0x5
718,0x0,0x0,0x0,0x0,0x0,0x0,0x0,0x0,0x0,0x105
719,0x0,0x0,0x0,0x0,0x0,0x0,0x0,0x0,0x0,0x105
720,0x0,0x0,0x0,0x0,0x0,0x0,0x0,0x0,0x0,0x5
721,0x0,0x0,0x0,0x0,0x0,0x0,0x0,0x0,0x0,0x105
722,0x0,0x0,0x0,0x0,0x0,0x0,0x0,0x0,0x0,0x105
723,0x0,0x0,0x0,0x0,0x0,0x0,0x0,0x0,0x0,0x5
724,0x0,0x0,0x0,0x0,0x0,0x0,0x0,0x0,0x0,0x105
725,0x0,0x0,0x0,0x0,0x0,0x0,0x0,0x0,0x0,0x105
726,0x0,0x0,0x0,0x0,0x0,0x0,0x0,0x0,0x0,0x5
727,0x0,0x0,0x0,0x0,0x0,0x0,0x0,0x0,0x0,0x105
728,0x0,0x0,0x0,0x0,0x0,0x0,0x0,0x0,0x0,0x105
729,0x0,0x0,0x0,0x0,0x0,0x0,0x0,0x0,0x0,0x5
730,0x0,0x0,0x0,0x0,0x0,0x0,0x0,0x0,0x0,0x105
731,0x0,0x0,0x0,0x0,0x0,0x0,0x0,0x0,0x0,0x105
732,0x0,0x0,0x0,0x0,0x0,0x0,0x0,0x0,0x0,0x5
733,0x0,0x0,0x0,0x0,0x0,0x0,0x0,0x0,0x0,0x0
734,0x0,0x0,0x0,0x0,0x0,0x0,0x0,0x0,0x0,0x0
735,0x0,0x0,0x0,0x0,0x0,0x0,0x0,0x0,0x0,0x0
736,0x0,0x0,0x0,0x0,0x0,0x0,0x0,0x0,0x0,0x0
737,0x0,0x0,0x0,0x0,0x0,0x0,0x0,0x0,0x0,0x0
738,0x0,0x0,0x0,0x0,0x0,0x0,0x0,0x0,0x0,0x0
739,0x0,0x0,0x0,0x0,0x0,0x0,0x0,0x0,0x0,0x0
740,0x0,0x0,0x0,0x0,0x0,0x0,0x0,0x0,0x0,0x100
741,0x0,0x0,0x0,0x0,0x0,0x0,0x0,0x0,0x0,0x103
742,0x0,0x0,0x0,0x0,0x0,0x0,0x0,0x0,0x0,0x12B
743,0x0,0x0,0x0,0x0,0x0,0x0,0x0,0x0,0x0,0x2B
744,0x0,0x0,0x0,0x0,0x0,0x0,0x0,0x0,0x0,0x100
745,0x0,0x0,0x0,0x0,0x0,0x0,0x0,0x0,0x0,0x12B
746,0x0,0x0,0x0,0x0,0x0,0x0,0x0,0x0,0x0,0x2B
747,0x0,0x0,0x0,0x0,0x0,0x0,0x0,0x0,0x0,0x100
748,0x0,0x0,0x0,0x0,0x0,0x0,0x0,0x0,0x0,0x12B
749,0x0,0x0,0x0,0x0,0x0,0x0,0x0,0x0,0x0,0x2B
750,0x0,0x0,0x0,0x0,0x0,0x0,0x0,0x0,0x0,0x100
751,0x0,0x0,0x0,0x0,0x0,0x0,0x0,0x0,0x0,0x12B
752,0x0,0x0,0x0,0x0,0x0,0x0,0x0,0x0,0x0,0x2B
753,0x0,0x0,0x0,0x0,0x0,0x0,0x0,0x0,0x0,0x2B
754,0x0,0x0,0x0,0x0,0x0,0x0,0x0,0x0,0x0,0x12B
755,0x0,0x0,0x0,0x0,0x0,0x0,0x0,0x0,0x0,0x2B
756,0x0,0x0,0x0,0x0,0x0,0x0,0x0,0x0,0x0,0x100
757,0x0,0x0,0x0,0x0,0x0,0x0,0x0,0x0,0x0,0x12B
758,0x0,0x0,0x0,0x0,0x0,0x0,0x0,0x0,0x0,0x2B
759,0x0,0x0,0x0,0x0,0x0,0x0,0x0,0x0,0x0,0x100
760,0x0,0x0,0x0,0x0,0x0,0x0,0x0,0x0,0x0,0x12B
761,0x0,0x0,0x0,0x0,0x0,0x0,0x0,0x0,0x0,0x2B
762,0x0,0x0,0x0,0x0,0x0,0x0,0x0,0x0,0x0,0x100
763,0x0,0x0,0x0,0x0,0x0,0x0,0x0,0x0,0x0,0x0
764,0x0,0x0,0x0,0x0,0x0,0x0,0x0,0x0,0x0,0x2B
765,0x0,0x0,0x0,0x0,0x0,0x0,0x0,0x0,0x0,0x100
766,0x0,0x0,0x0,0x0,0x0,0x0,0x0,0x0,0x0,0x12B
767,0x0,0x0,0x0,0x0,0x0,0x0,0x0,0x0,0x0,0x2B
768,0x0,0x0,0x0,0x0,0x0,0x0,0x0,0x0,0x0,0x100
769,0x0,0x0,0x0,0x0,0x0,0x0,0x0,0x0,0x0,0x12B
770,0x0,0x0,0x0,0x0,0x0,0x0,0x0,0x0,0x0,0x2B
771,0x0,0x0,0x0,0x0,0x0,0x0,0x0,0x0,0x0,0x100
772,0x0,0x0,0x0,0x0,0x0,0x0,0x0,0x0,0x0,0x12B
773,0x0,0x0,0x0,0x0,0x0,0x0,0x0,0x0,0x0,0x2B
774,0x0,0x0,0x0,0x0,0x0,0x0,0x0,0x0,0x0,0x2B
775,0x0,0x0,0x0,0x0,0x0,0x0,0x0,0x0,0x0,0x12B
776,0x0,0x0,0x0,0x0,0x0,0x0,0x0,0x0,0x0,0x2B
777,0x0,0x0,0x0,0x0,0x0,0x0,0x0,0x0,0x0,0x100
778,0x0,0x0,0x0,0x0,0x0,0x0,0x0,0x0,0x0,0x12B
779,0x0,0x0,0x0,0x0,0x0,0x0,0x0,0x0,0x0,0x2B
780,0x0,0x0,0x0,0x0,0x0,0x0,0x0,0x0,0x0,0x100
781,0x0,0x0,0x0,0x0,0x0,0x0,0x0,0x0,0x0,0x12B
782,0x0,0x0,0x0,0x0,0x0,0x0,0x0,0x0,0x0,0x2B
783,0x0,0x0,0x0,0x0,0x0,0x0,0x0,0x0,0x0,0x100
784,0x0,0x0,0x0,0x0,0x0,0x0,0x0,0x0,0x0,0x0
785,0x0,0x0,0x0,0x0,0x0,0x0,0x0,0x0,0x0,0x2B
786,0x0,0x0,0x0,0x0,0x0,0x0,0x0,0x0,0x0,0x100
787,0x0,0x0,0x0,0x0,0x0,0x0,0x0,0x0,0x0,0x12B
788,0x0,0x0,0x0,0x0,0x0,0x0,0x0,0x0,0x0,0x2B
789,0x0,0x0,0x0,0x0,0x0,0x0,0x0,0x0,0x0,0x2B
790,0x0,0x0,0x0,0x0,0x0,0x0,0x0,0x0,0x0,0x12B
791,0x0,0x0,0x0,0x0,0x0,0x0,0x0,0x0,0x0,0x2B
792,0x0,0x0,0x0,0x0,0x0,0x0,0x0,0x0,0x0,0x100
793,0x0,0x0,0x0,0x0,0x0,0x0,0x0,0x0,0x0,0x12B
794,0x0,0x0,0x0,0x0,0x0,0x0,0x0,0x0,0x0,0x2B
795,0x0,0x0,0x0,0x0,0x0,0x0,0x0,0x0,0x0,0x100
796,0x0,0x0,0x0,0x0,0x0,0x0,0x0,0x0,0x0,0x12B
797,0x0,0x0,0x0,0x0,0x0,0x0,0x0,0x0,0x0,0x2B
798,0x0,0x0,0x0,0x0,0x0,0x0,0x0,0x0,0x0,0x100
799,0x0,0x0,0x0,0x0,0x0,0x0,0x0,0x0,0x0,0x12B
800,0x0,0x0,0x0,0x0,0x0,0x0,0x0,0x0,0x0,0x2B
801,0x0,0x0,0x0,0x0,0x0,0x0,0x0,0x0,0x0,0x100
802,0x0,0x0,0x0,0x0,0x0,0x0,0x0,0x0,0x0,0x12B
803,0x0,0x0,0x0,0x0,0x0,0x0,0x0,0x0,0x0,0x2B
804,0x0,0x0,0x0,0x0,0x0,0x0,0x0,0x0,0x0,0x100
805,0x0,0x0,0x0,0x0,0x0,0x0,0x0,0x0,0x0,0x12B
806,0x0,0x0,0x0,0x0,0x0,0x0,0x0,0x0,0x0,0x2B
807,0x0,0x0,0x0,0x0,0x0,0x0,0x0,0x0,0x0,0x100
808,0x0,0x0,0x0,0x0,0x0,0x0,0x0,0x0,0x0,0x12B
809,0x0,0x0,0x0,0x0,0x0,0x0,0x0,0x0,0x0,0x2B
810,0x0,0x0,0x0,0x0,0x0,0x0,0x0,0x0,0x0,0x100
811,0x0,0x0,0x0,0x0,0x0,0x0,0x0,0x0,0x0,0x12B
812,0x0,0x0,0x0,0x0,0x0,0x0,0x0,0x0,0x0,0x2B
813,0x0,0x0,0x0,0x0,0x0,0x0,0x0,0x0,0x0,0x100
814,0x0,0x0,0x0,0x0,0x0,0x0,0x0,0x0,0x0,0x0
815,0x0,0x0,0x0,0x0,0x0,0x0,0x0,0x0,0x0,0x2B
816,0x0,0x0,0x0,0x0,0x0,0x0,0x0,0x0,0x0,0x100
817,0x0,0x0,0x0,0x0,0x0,0x0,0x0,0x0,0x0,0x12B
818,0x0,0x0,0x0,0x0,0x0,0x0,0x0,0x0,0x0,0x2B
819,0x0,0x0,0x0,0x0,0x0,0x0,0x0,0x0,0x0,0x100
820,0x0,0x0,0x0,0x0,0x0,0x0,0x0,0x0,0x0,0x12B
821,0x0,0x0,0x0,0x0,0x0,0x0,0x0,0x0,0x0,0x2B
822,0x0,0x0,0x0,0x0,0x0,0x0,0x0,0x0,0x0,0x100
823,0x0,0x0,0x0,0x0,0x0,0x0,0x0,0x0,0x0,0x12B
824,0x0,0x0,0x0,0x0,0x0,0x0,0x0,0x0,0x0,0x2B
825,0x0,0x0,0x0,0x0,0x0,0x0,0x0,0x0,0x0,0x100
826,0x0,0x0,0x0,0x0,0x0,0x0,0x0,0x0,0x0,0x12B
827,0x0,0x0,0x0,0x0,0x0,0x0,0x0,0x0,0x0,0x2B
828,0x0,0x0,0x0,0x0,0x0,0x0,0x0,0x0,0x0,0x100
829,0x0,0x0,0x0,0x0,0x0,0x0,0x0,0x0,0x0,0x12B
830,0x0,0x0,0x0,0x0,0x0,0x0,0x0,0x0,0x0,0x2B
831,0x0,0x0,0x0,0x0,0x0,0x0,0x0,0x0,0x0,0x100
832,0x0,0x0,0x0,0x0,0x0,0x0,0x0,0x0,0x0,0x12B
833,0x0,0x0,0x0,0x0,0x0,0x0,0x0,0x0,0x0,0x2B
834,0x0,0x0,0x0,0x0,0x0,0x0,0x0,0x0,0x0,0x2B
835,0x0,0x0,0x0,0x0,0x0,0x0,0x0,0x0,0x0,0x12B
836,0x0,0x0,0x0,0x0,0x0,0x0,0x0,0x0,0x0,0x2B
837,0x0,0x0,0x0,0x0,0x0,0x0,0x0,0x0,0x0,0x100
838,0x0,0x0,0x0,0x0,0x0,0x0,0x0,0x0,0x0,0x12B
839,0x0,0x0,0x0,0x0,0x0,0x0,0x0,0x0,0x0,0x2B
840,0x0,0x0,0x0,0x0,0x0,0x0,0x0,0x0,0x0,0x100
841,0x0,0x0,0x0,0x0,0x0,0x0,0x0,0x0,0x0,0x0
842,0x0,0x0,0x0,0x0,0x0,0x0,0x0,0x0,0x0,0x2B
843,0x0,0x0,0x0,0x0,0x0,0x0,0x0,0x0,0x0,0x100
844,0x0,0x0,0x0,0x0,0x0,0x0,0x0,0x0,0x0,0x0
845,0x0,0x0,0x0,0x0,0x0,0x0,0x0,0x0,0x0,0x2B
846,0x0,0x0,0x0,0x0,0x0,0x0,0x0,0x0,0x0,0x100
847,0x0,0x0,0x0,0x0,0x0,0x0,0x0,0x0,0x0,0x12B
848,0x0,0x0,0x0,0x0,0x0,0x0,0x0,0x0,0x0,0x2B
849,0x0,0x0,0x0,0x0,0x0,0x0,0x0,0x0,0x0,0x100
850,0x0,0x0,0x0,0x0,0x0,0x0,0x0,0x0,0x0,0x12B
851,0x0,0x0,0x0,0x0,0x0,0x0,0x0,0x0,0x0,0x2B
852,0x0,0x0,0x0,0x0,0x0,0x0,0x0,0x0,0x0,0x100
853,0x0,0x0,0x0,0x0,0x0,0x0,0x0,0x0,0x0,0x12B
854,0x0,0x0,0x0,0x0,0x0,0x0,0x0,0x0,0x0,0x2B
855,0x0,0x0,0x0,0x0,0x0,0x0,0x0,0x0,0x0,0x100
856,0x0,0x0,0x0,0x0,0x0,0x0,0x0,0x0,0x0,0x12B
857,0x0,0x0,0x0,0x0,0x0,0x0,0x0,0x0,0x0,0x2B
858,0x0,0x0,0x0,0x0,0x0,0x0,0x0,0x0,0x0,0x100
859,0x0,0x0,0x0,0x0,0x0,0x0,0x0,0x0,0x0,0x12B
860,0x0,0x0,0x0,0x0,0x0,0x0,0x0,0x0,0x0,0x2B
861,0x0,0x0,0x0,0x0,0x0,0x0,0x0,0x0,0x0,0x100
862,0x0,0x0,0x0,0x0,0x0,0x0,0x0,0x0,0x0,0x12B
863,0x0,0x0,0x0,0x0,0x0,0x0,0x0,0x0,0x0,0x2B
864,0x0,0x0,0x0,0x0,0x0,0x0,0x0,0x0,0x0,0x2B
865,0x0,0x0,0x0,0x0,0x0,0x0,0x0,0x0,0x0,0x12B
866,0x0,0x0,0x0,0x0,0x0,0x0,0x0,0x0,0x0,0x2B
867,0x0,0x0,0x0,0x0,0x0,0x0,0x0,0x0,0x0,0x100
868,0x0,0x0,0x0,0x0,0x0,0x0,0x0,0x0,0x0,0x12B
869,0x0,0x0,0x0,0x0,0x0,0x0,0x0,0x0,0x0,0x2B
870,0x0,0x0,0x0,0x0,0x0,0x0,0x0,0x0,0x0,0x100
871,0x0,0x0,0x0,0x0,0x0,0x0,0x0,0x0,0x0,0x0
872,0x0,0x0,0x0,0x0,0x0,0x0,0x0,0x0,0x0,0x0
873,0x0,0x0,0x0,0x0,0x0,0x0,0x0,0x0,0x0,0x0
874,0x0,0x0,0x0,0x0,0x0,0x0,0x0,0x0,0x0,0x0
875,0x0,0x0,0x0,0x0,0x0,0x0,0x0,0x0,0x0,0x0
876,0x0,0x0,0x0,0x0,0x0,0x0,0x0,0x0,0x0,0x0
877,0x0,0x0,0x0,0x0,0x0,0x0,0x0,0x0,0x0,0x0
878,0x0,0x0,0x0,0x0,0x0,0x0,0x0,0x0,0x0,0x0
879,0x0,0x0,0x0,0x0,0x0,0x0,0x0,0x0,0x0,0x100
880,0x0,0x0,0x0,0x0,0x0,0x0,0x0,0x0,0x0,0x103
881,0x0,0x0,0x0,0x0,0x0,0x0,0x0,0x0,0x0,0x100
882,0x0,0x0,0x0,0x0,0x0,0x0,0x0,0x0,0x0,0x0
883,0x0,0x0,0x0,0x0,0x0,0x0,0x0,0x0,0x0,0x100
884,0x0,0x0,0x0,0x0,0x0,0x0,0x0,0x0,0x0,0x12A
885,0x0,0x0,0x0,0x0,0x0,0x0,0x0,0x0,0x0,0x12A
886,0x0,0x0,0x0,0x0,0x0,0x0,0x0,0x0,0x0,0x12A
887,0x0,0x0,0x0,0x0,0x0,0x0,0x0,0x0,0x0,0x12A
888,0x0,0x0,0x0,0x0,0x0,0x0,0x0,0x0,0x0,0x12A
889,0x0,0x0,0x0,0x0,0x0,0x0,0x0,0x0,0x0,0x12A
890,0x0,0x0,0x0,0x0,0x0,0x0,0x0,0x0,0x0,0x100
891,0x0,0x0,0x0,0x0,0x0,0x0,0x0,0x0,0x0,0x12A
892,0x0,0x0,0x0,0x0,0x0,0x0,0x0,0x0,0x0,0x12A
893,0x0,0x0,0x0,0x0,0x0,0x0,0x0,0x0,0x0,0x12A
894,0x0,0x0,0x0,0x0,0x0,0x0,0x0,0x0,0x0,0x12A
895,0x0,0x0,0x0,0x0,0x0,0x0,0x0,0x0,0x0,0x12A
896,0x0,0x0,0x0,0x0,0x0,0x0,0x0,0x0,0x0,0x12A
897,0x0,0x0,0x0,0x0,0x0,0x0,0x0,0x0,0x0,0x12A
898,0x0,0x0,0x0,0x0,0x0,0x0,0x0,0x0,0x0,0x100
899,0x0,0x0,0x0,0x0,0x0,0x0,0x0,0x0,0x0,0x12A
900,0x0,0x0,0x0,0x0,0x0,0x0,0x0,0x0,0x0,0x12A
901,0x0,0x0,0x0,0x0,0x0,0x0,0x0,0x0,0x0,0x12A
902,0x0,0x0,0x0,0x0,0x0,0x0,0x0,0x0,0x0,0x12A
903,0x0,0x0,0x0,0x0,0x0,0x0,0x0,0x0,0x0,0x12A
904,0x0,0x0,0x0,0x0,0x0,0x0,0x0,0x0,0x0,0x12A
905,0x0,0x0,0x0,0x0,0x0,0x0,0x0,0x0,0x0,0x0
906,0x0,0x0,0x0,0x0,0x0,0x0,0x0,0x0,0x0,0x100
907,0x0,0x0,0x0,0x0,0x0,0x0,0x0,0x0,0x0,0x12A
908,0x0,0x0,0x0,0x0,0x0,0x0,0x0,0x0,0x0,0x12A
909,0x0,0x0,0x0,0x0,0x0,0x0,0x0,0x0,0x0,0x12A
910,0x0,0x0,0x0,0x0,0x0,0x0,0x0,0x0,0x0,0x12A
911,0x0,0x0,0x0,0x0,0x0,0x0,0x0,0x0,0x0,0x12A
912,0x0,0x0,0x0,0x0,0x0,0x0,0x0,0x0,0x0,0x12A
913,0x0,0x0,0x0,0x0,0x0,0x0,0x0,0x0,0x0,0x100
914,0x0,0x0,0x0,0x0,0x0,0x0,0x0,0x0,0x0,0x12A
915,0x0,0x0,0x0,0x0,0x0,0x0,0x0,0x0,0x0,0x12A
916,0x0,0x0,0x0,0x0,0x0,0x0,0x0,0x0,0x0,0x12A
917,0x0,0x0,0x0,0x0,0x0,0x0,0x0,0x0,0x0,0x12A
918,0x0,0x0,0x0,0x0,0x0,0x0,0x0,0x0,0x0,0x12A
919,0x0,0x0,0x0,0x0,0x0,0x0,0x0,0x0,0x0,0x12A
920,0x0,0x0,0x0,0x0,0x0,0x0,0x0,0x0,0x0,0x12A
921,0x0,0x0,0x0,0x0,0x0,0x0,0x0,0x0,0x0,0x100
922,0x0,0x0,0x0,0x0,0x0,0x0,0x0,0x0,0x0,0x12A
923,0x0,0x0,0x0,0x0,0x0,0x0,0x0,0x0,0x0,0x12A
924,0x0,0x0,0x0,0x0,0x0,0x0,0x0,0x0,0x0,0x12A
925,0x0,0x0,0x0,0x0,0x0,0x0,0x0,0x0,0x0,0x12A
926,0x0,0x0,0x0,0x0,0x0,0x0,0x0,0x0,0x0,0x12A
927,0x0,0x0,0x0,0x0,0x0,0x0,0x0,0x0,0x0,0x12A
928,0x0,0x0,0x0,0x0,0x0,0x0,0x0,0x0,0x0,0x100
929,0x0,0x0,0x0,0x0,0x0,0x0,0x0,0x0,0x0,0x12A
930,0x0,0x0,0x0,0x0,0x0,0x0,0x0,0x0,0x0,0x12A
931,0x0,0x0,0x0,0x0,0x0,0x0,0x0,0x0,0x0,0x12A
932,0x0,0x0,0x0,0x0,0x0,0x0,0x0,0x0,0x0,0x12A
933,0x0,0x0,0x0,0x0,0x0,0x0,0x0,0x0,0x0,0x12A
934,0x0,0x0,0x0,0x0,0x0,0x0,0x0,0x0,0x0,0x12A
935,0x0,0x0,0x0,0x0,0x0,0x0,0x0,0x0,0x0,0x12A
936,0x0,0x0,0x0,0x0,0x0,0x0,0x0,0x0,0x0,0x12A
937,0x0,0x0,0x0,0x0,0x0,0x0,0x0,0x0,0x0,0x12A
938,0x0,0x0,0x0,0x0,0x0,0x0,0x0,0x0,0x0,0x12A
939,0x0,0x0,0x0,0x0,0x0,0x0,0x0,0x0,0x0,0x12A
940,0x0,0x0,0x0,0x0,0x0,0x0,0x0,0x0,0x0,0x12A
941,0x0,0x0,0x0,0x0,0x0,0x0,0x0,0x0,0x0,0x12A
942,0x0,0x0,0x0,0x0,0x0,0x0,0x0,0x0,0x0,0x12A
943,0x0,0x0,0x0,0x0,0x0,0x0,0x0,0x0,0x0,0x12A
944,0x0,0x0,0x0,0x0,0x0,0x0,0x0,0x0,0x0,0x12A
945,0x0,0x0,0x0,0x0,0x0,0x0,0x0,0x0,0x0,0x12A
946,0x0,0x0,0x0,0x0,0x0,0x0,0x0,0x0,0x0,0x12A
947,0x0,0x0,0x0,0x0,0x0,0x0,0x0,0x0,0x0,0x12A
948,0x0,0x0,0x0,0x0,0x0,0x0,0x0,0x0,0x0,0x12A
949,0x0,0x0,0x0,0x0,0x0,0x0,0x0,0x0,0x0,0x12A
950,0x0,0x0,0x0,0x0,0x0,0x0,0x0,0x0,0x0,0x12A
951,0x0,0x0,0x0,0x0,0x0,0x0,0x0,0x0,0x0,0x12A
952,0x0,0x0,0x0,0x0,0x0,0x0,0x0,0x0,0x0,0x12A
953,0x0,0x0,0x0,0x0,0x0,0x0,0x0,0x0,0x0,0x12A
954,0x0,0x0,0x0,0x0,0x0,0x0,0x0,0x0,0x0,0x12A
955,0x0,0x0,0x0,0x0,0x0,0x0,0x0,0x0,0x0,0x12A
956,0x0,0x0,0x0,0x0,0x0,0x0,0x0,0x0,0x0,0x12A
957,0x0,0x0,0x0,0x0,0x0,0x0,0x0,0x0,0x0,0x12A
958,0x0,0x0,0x0,0x0,0x0,0x0,0x0,0x0,0x0,0x12A
959,0x0,0x0,0x0,0x0,0x0,0x0,0x0,0x0,0x0,0x12A
960,0x0,0x0,0x0,0x0,0x0,0x0,0x0,0x0,0x0,0x12A
961,0x0,0x0,0x0,0x0,0x0,0x0,0x0,0x0,0x0,0x12A
962,0x0,0x0,0x0,0x0,0x0,0x0,0x0,0x0,0x0,0x12A
963,0x0,0x0,0x0,0x0,0x0,0x0,0x0,0x0,0x0,0x12A
964,0x0,0x0,0x0,0x0,0x0,0x0,0x0,0x0,0x0,0x12A
965,0x0,0x0,0x0,0x0,0x0,0x0,0x0,0x0,0x0,0x12A
966,0x0,0x0,0x0,0x0,0x0,0x0,0x0,0x0,0x0,0x12A
967,0x0,0x0,0x0,0x0,0x0,0x0,0x0,0x0,0x0,0x12A
968,0x0,0x0,0x0,0x0,0x0,0x0,0x0,0x0,0x0,0x12A
969,0x0,0x0,0x0,0x0,0x0,0x0,0x0,0x0,0x0,0x12A
970,0x0,0x0,0x0,0x0,0x0,0x0,0x0,0x0,0x0,0x12A
971,0x0,0x0,0x0,0x0,0x0,0x0,0x0,0x0,0x0,0x12A
972,0x0,0x0,0x0,0x0,0x0,0x0,0x0,0x0,0x0,0x12A
973,0x0,0x0,0x0,0x0,0x0,0x0,0x0,0x0,0x0,0x12A
974,0x0,0x0,0x0,0x0,0x0,0x0,0x0,0x0,0x0,0x12A
975,0x0,0x0,0x0,0x0,0x0,0x0,0x0,0x0,0x0,0x0
976,0x0,0x0,0x0,0x0,0x0,0x0,0x0,0x0,0x0,0x12A
977,0x0,0x0,0x0,0x0,0x0,0x0,0x0,0x0,0x0,0x12A
978,0x0,0x0,0x0,0x0,0x0,0x0,0x0,0x0,0x0,0x12A
979,0x0,0x0,0x0,0x0,0x0,0x0,0x0,0x0,0x0,0x12A
980,0x0,0x0,0x0,0x0,0x0,0x0,0x0,0x0,0x0,0x12A
981,0x0,0x0,0x0,0x0,0x0,0x0,0x0,0x0,0x0,0x12A
982,0x0,0x0,0x0,0x0,0x0,0x0,0x0,0x0,0x0,0x12A
983,0x0,0x0,0x0,0x0,0x0,0x0,0x0,0x0,0x0,0x100
984,0x0,0x0,0x0,0x0,0x0,0x0,0x0,0x0,0x0,0x12A
985,0x0,0x0,0x0,0x0,0x0,0x0,0x0,0x0,0x0,0x12A
986,0x0,0x0,0x0,0x0,0x0,0x0,0x0,0x0,0x0,0x12A
987,0x0,0x0,0x0,0x0,0x0,0x0,0x0,0x0,0x0,0x12A
988,0x0,0x0,0x0,0x0,0x0,0x0,0x0,0x0,0x0,0x12A
989,0x0,0x0,0x0,0x0,0x0,0x0,0x0,0x0,0x0,0x12A
990,0x0,0x0,0x0,0x0,0x0,0x0,0x0,0x0,0x0,0x100
991,0x0,0x0,0x0,0x0,0x0,0x0,0x0,0x0,0x0,0x12A
992,0x0,0x0,0x0,0x0,0x0,0x0,0x0,0x0,0x0,0x12A
993,0x0,0x0,0x0,0x0,0x0,0x0,0x0,0x0,0x0,0x12A
994,0x0,0x0,0x0,0x0,0x0,0x0,0x0,0x0,0x0,0x12A
995,0x0,0x0,0x0,0x0,0x0,0x0,0x0,0x0,0x0,0x12A
996,0x0,0x0,0x0,0x0,0x0,0x0,0x0,0x0,0x0,0x12A
997,0x0,0x0,0x0,0x0,0x0,0x0,0x0,0x0,0x0,0x12A
998,0x0,0x0,0x0,0x0,0x0,0x0,0x0,0x0,0x0,0x100
999,0x0,0x0,0x0,0x0,0x0,0x0,0x0,0x0,0x0,0x12A
1000,0x0,0x0,0x0,0x0,0x0,0x0,0x0,0x0,0x0,0x12A
1001,0x0,0x0,0x0,0x0,0x0,0x0,0x0,0x0,0x0,0x12A
1002,0x0,0x0,0x0,0x0,0x0,0x0,0x0,0x0,0x0,0x12A
1003,0x0,0x0,0x0,0x0,0x0,0x0,0x0,0x0,0x0,0x12A
1004,0x0,0x0,0x0,0x0,0x0,0x0,0x0,0x0,0x0,0x12A
1005,0x0,0x0,0x0,0x0,0x0,0x0,0x0,0x0,0x0,0x12A
1006,0x0,0x0,0x0,0x0,0x0,0x0,0x0,0x0,0x0,0x100
1007,0x0,0x0,0x0,0x0,0x0,0x0,0x0,0x0,0x0,0x12A
1008,0x0,0x0,0x0,0x0,0x0,0x0,0x0,0x0,0x0,0x12A
1009,0x0,0x0,0x0,0x0,0x0,0x0,0x0,0x0,0x0,0x12A
1010,0x0,0x0,0x0,0x0,0x0,0x0,0x0,0x0,0x0,0x12A
1011,0x0,0x0,0x0,0x0,0x0,0x0,0x0,0x0,0x0,0x12A
1012,0x0,0x0,0x0,0x0,0x0,0x0,0x0,0x0,0x0,0x12A
1013,0x0,0x0,0x0,0x0,0x0,0x0,0x0,0x0,0x0,0x100
1014,0x0,0x0,0x0,0x0,0x0,0x0,0x0,0x0,0x0,0x12A
1015,0x0,0x0,0x0,0x0,0x0,0x0,0x0,0x0,0x0,0x12A
1016,0x0,0x0,0x0,0x0,0x0,0x0,0x0,0x0,0x0,0x12A
1017,0x0,0x0,0x0,0x0,0x0,0x0,0x0,0x0,0x0,0x12A
1018,0x0,0x0,0x0,0x0,0x0,0x0,0x0,0x0,0x0,0x12A
1019,0x0,0x0,0x0,0x0,0x0,0x0,0x0,0x0,0x0,0x12A
1020,0x0,0x0,0x0,0x0,0x0,0x0,0x0,0x0,0x0,0x12A
1021,0x0,0x0,0x0,0x0,0x0,0x0,0x0,0x0,0x0,0x100
1022,0x0,0x0,0x0,0x0,0x0,0x0,0x0,0x0,0x0,0x12A
1023,0x0,0x0,0x0,0x0,0x0,0x0,0x0,0x0,0x0,0x12A
1024,0x0,0x0,0x0,0x0,0x0,0x0,0x0,0x0,0x0,0x12A
1025,0x0,0x0,0x0,0x0,0x0,0x0,0x0,0x0,0x0,0x12A
1026,0x0,0x0,0x0,0x0,0x0,0x0,0x0,0x0,0x0,0x12A
1027,0x0,0x0,0x0,0x0,0x0,0x0,0x0,0x0,0x0,0x12A
1028,0x0,0x0,0x0,0x0,0x0,0x0,0x0,0x0,0x0,0x0
1029,0x0,0x0,0x0,0x0,0x0,0x0,0x0,0x0,0x0,0x0
1030,0x0,0x0,0x0,0x0,0x0,0x0,0x0,0x0,0x0,0x12A
1031,0x0,0x0,0x0,0x0,0x0,0x0,0x0,0x0,0x0,0x12A
1032,0x0,0x0,0x0,0x0,0x0,0x0,0x0,0x0,0x0,0x12A
1033,0x0,0x0,0x0,0x0,0x0,0x0,0x0,0x0,0x0,0x12A
1034,0x0,0x0,0x0,0x0,0x0,0x0,0x0,0x0,0x0,0x12A
1035,0x0,0x0,0x0,0x0,0x0,0x0,0x0,0x0,0x0,0x12A
1036,0x0,0x0,0x0,0x0,0x0,0x0,0x0,0x0,0x0,0x100
1037,0x0,0x0,0x0,0x0,0x0,0x0,0x0,0x0,0x0,0x12A
1038,0x0,0x0,0x0,0x0,0x0,0x0,0x0,0x0,0x0,0x12A
1039,0x0,0x0,0x0,0x0,0x0,0x0,0x0,0x0,0x0,0x12A
1040,0x0,0x0,0x0,0x0,0x0,0x0,0x0,0x0,0x0,0x12A
1041,0x0,0x0,0x0,0x0,0x0,0x0,0x0,0x0,0x0,0x12A
1042,0x0,0x0,0x0,0x0,0x0,0x0,0x0,0x0,0x0,0x12A
1043,0x0,0x0,0x0,0x0,0x0,0x0,0x0,0x0,0x0,0x12A
1044,0x0,0x0,0x0,0x0,0x0,0x0,0x0,0x0,0x0,0x100
1045,0x0,0x0,0x0,0x0,0x0,0x0,0x0,0x0,0x0,0x12A
1046,0x0,0x0,0x0,0x0,0x0,0x0,0x0,0x0,0x0,0x12A
1047,0x0,0x0,0x0,0x0,0x0,0x0,0x0,0x0,0x0,0x12A
1048,0x0,0x0,0x0,0x0,0x0,0x0,0x0,0x0,0x0,0x12A
1049,0x0,0x0,0x0,0x0,0x0,0x0,0x0,0x0,0x0,0x12A
1050,0x0,0x0,0x0,0x0,0x0,0x0,0x0,0x0,0x0,0x12A
1051,0x0,0x0,0x0,0x0,0x0,0x0,0x0,0x0,0x0,0x0
1052,0x0,0x0,0x0,0x0,0x0,0x0,0x0,0x0,0x0,0x100
1053,0x0,0x0,0x0,0x0,0x0,0x0,0x0,0x0,0x0,0x12A
1054,0x0,0x0,0x0,0x0,0x0,0x0,0x0,0x0,0x0,0x12A
1055,0x0,0x0,0x0,0x0,0x0,0x0,0x0,0x0,0x0,0x12A
1056,0x0,0x0,0x0,0x0,0x0,0x0,0x0,0x0,0x0,0x12A
1057,0x0,0x0,0x0,0x0,0x0,0x0,0x0,0x0,0x0,0x12A
1058,0x0,0x0,0x0,0x0,0x0,0x0,0x0,0x0,0x0,0x12A
1059,0x0,0x0,0x0,0x0,0x0,0x0,0x0,0x0,0x0,0x100
1060,0x0,0x0,0x0,0x0,0x0,0x0,0x0,0x0,0x0,0x12A
1061,0x0,0x0,0x0,0x0,0x0,0x0,0x0,0x0,0x0,0x12A
1062,0x0,0x0,0x0,0x0,0x0,0x0,0x0,0x0,0x0,0x12A
1063,0x0,0x0,0x0,0x0,0x0,0x0,0x0,0x0,0x0,0x12A
1064,0x0,0x0,0x0,0x0,0x0,0x0,0x0,0x0,0x0,0x12A
1065,0x0,0x0,0x0,0x0,0x0,0x0,0x0,0x0,0x0,0x12A
1066,0x0,0x0,0x0,0x0,0x0,0x0,0x0,0x0,0x0,0x12A
1067,0x0,0x0,0x0,0x0,0x0,0x0,0x0,0x0,0x0,0x100
1068,0x0,0x0,0x0,0x0,0x0,0x0,0x0,0x0,0x0,0x12A
1069,0x0,0x0,0x0,0x0,0x0,0x0,0x0,0x0,0x0,0x12A
1070,0x0,0x0,0x0,0x0,0x0,0x0,0x0,0x0,0x0,0x12A
1071,0x0,0x0,0x0,0x0,0x0,0x0,0x0,0x0,0x0,0x12A
1072,0x0,0x0,0x0,0x0,0x0,0x0,0x0,0x0,0x0,0x12A
1073,0x0,0x0,0x0,0x0,0x0,0x0,0x0,0x0,0x0,0x12A
1074,0x0,0x0,0x0,0x0,0x0,0x0,0x0,0x0,0x0,0x0
1075,0x0,0x0,0x0,0x0,0x0,0x0,0x0,0x0,0x0,0x100
1076,0x0,0x0,0x0,0x0,0x0,0x0,0x0,0x0,0x0,0x12A
1077,0x0,0x0,0x0,0x0,0x0,0x0,0x0,0x0,0x0,0x12A
1078,0x0,0x0,0x0,0x0,0x0,0x0,0x0,0x0,0x0,0x12A
1079,0x0,0x0,0x0,0x0,0x0,0x0,0x0,0x0,0x0,0x12A
1080,0x0,0x0,0x0,0x0,0x0,0x0,0x0,0x0,0x0,0x12A
1081,0x0,0x0,0x0,0x0,0x0,0x0,0x0,0x0,0x0,0x12A
1082,0x0,0x0,0x0,0x0,0x0,0x0,0x0,0x0,0x0,0x100
1083,0x0,0x0,0x0,0x0,0x0,0x0,0x0,0x0,0x0,0x12A
1084,0x0,0x0,0x0,0x0,0x0,0x0,0x0,0x0,0x0,0x12A
1085,0x0,0x0,0x0,0x0,0x0,0x0,0x0,0x0,0x0,0x12A
1086,0x0,0x0,0x0,0x0,0x0,0x0,0x0,0x0,0x0,0x12A
1087,0x0,0x0,0x0,0x0,0x0,0x0,0x0,0x0,0x0,0x12A
1088,0x0,0x0,0x0,0x0,0x0,0x0,0x0,0x0,0x0,0x12A
1089,0x0,0x0,0x0,0x0,0x0,0x0,0x0,0x0,0x0,0x12A
1090,0x0,0x0,0x0,0x0,0x0,0x0,0x0,0x0,0x0,0x100
1091,0x0,0x0,0x0,0x0,0x0,0x0,0x0,0x0,0x0,0x12A
1092,0x0,0x0,0x0,0x0,0x0,0x0,0x0,0x0,0x0,0x12A
1093,0x0,0x0,0x0,0x0,0x0,0x0,0x0,0x0,0x0,0x12A
1094,0x0,0x0,0x0,0x0,0x0,0x0,0x0,0x0,0x0,0x12A
1095,0x0,0x0,0x0,0x0,0x0,0x0,0x0,0x0,0x0,0x12A
1096,0x0,0x0,0x0,0x0,0x0,0x0,0x0,0x0,0x0,0x12A
1097,0x0,0x0,0x0,0x0,0x0,0x0,0x0,0x0,0x0,0x100
1098,0x0,0x0,0x0,0x0,0x0,0x0,0x0,0x0,0x0,0x12A
1099,0x0,0x0,0x0,0x0,0x0,0x0,0x0,0x0,0x0,0x12A
1100,0x0,0x0,0x0,0x0,0x0,0x0,0x0,0x0,0x0,0x12A
1101,0x0,0x0,0x0,0x0,0x0,0x0,0x0,0x0,0x0,0x12A
1102,0x0,0x0,0x0,0x0,0x0,0x0,0x0,0x0,0x0,0x12A
1103,0x0,0x0,0x0,0x0,0x0,0x0,0x0,0x0,0x0,0x12A
1104,0x0,0x0,0x0,0x0,0x0,0x0,0x0,0x0,0x0,0x12A
1105,0x0,0x0,0x0,0x0,0x0,0x0,0x0,0x0,0x0,0x0
1106,0x0,0x0,0x0,0x0,0x0,0x0,0x0,0x0,0x0,0x0
1107,0x0,0x0,0x0,0x0,0x0,0x0,0x0,0x0,0x0,0x0
1108,0x0,0x0,0x0,0x0,0x0,0x0,0x0,0x0,0x0,0x0
1109,0x0,0x0,0x0,0x0,0x0,0x0,0x0,0x0,0x0,0x0
1110,0x0,0x0,0x0,0x0,0x0,0x0,0x0,0x0,0x0,0x0
1111,0x0,0x0,0x0,0x0,0x0,0x0,0x0,0x0,0x0,0x0
1112,0x0,0x0,0x0,0x0,0x0,0x0,0x0,0x0,0x0,0x100
1113,0x0,0x0,0x0,0x0,0x0,0x0,0x0,0x0,0x0,0x0
1114,0x0,0x0,0x0,0x0,0x0,0x0,0x0,0x0,0x0,0x103
1115,0x0,0x0,0x0,0x0,0x0,0x0,0x0,0x0,0x0,0x12B
1116,0x0,0x0,0x0,0x0,0x0,0x0,0x0,0x0,0x0,0x0
1117,0x0,0x0,0x0,0x0,0x0,0x0,0x0,0x0,0x0,0x100
1118,0x0,0x0,0x0,0x0,0x0,0x0,0x0,0x0,0x0,0x12B
1119,0x0,0x0,0x0,0x0,0x0,0x0,0x0,0x0,0x0,0x12B
1120,0x0,0x0,0x0,0x0,0x0,0x0,0x0,0x0,0x0,0x100
1121,0x0,0x0,0x0,0x0,0x0,0x0,0x0,0x0,0x0,0x12B
1122,0x0,0x0,0x0,0x0,0x0,0x0,0x0,0x0,0x0,0x12B
1123,0x0,0x0,0x0,0x0,0x0,0x0,0x0,0x0,0x0,0x0
1124,0x0,0x0,0x0,0x0,0x0,0x0,0x0,0x0,0x0,0x12B
1125,0x0,0x0,0x0,0x0,0x0,0x0,0x0,0x0,0x0,0x12B
1126,0x0,0x0,0x0,0x0,0x0,0x0,0x0,0x0,0x0,0x0
1127,0x0,0x0,0x0,0x0,0x0,0x0,0x0,0x0,0x0,0x12B
1128,0x0,0x0,0x0,0x0,0x0,0x0,0x0,0x0,0x0,0x12B
1129,0x0,0x0,0x0,0x0,0x0,0x0,0x0,0x0,0x0,0x0
1130,0x0,0x0,0x0,0x0,0x0,0x0,0x0,0x0,0x0,0x12B
1131,0x0,0x0,0x0,0x0,0x0,0x0,0x0,0x0,0x0,0x12B
1132,0x0,0x0,0x0,0x0,0x0,0x0,0x0,0x0,0x0,0x100
1133,0x0,0x0,0x0,0x0,0x0,0x0,0x0,0x0,0x0,0x0
1134,0x0,0x0,0x0,0x0,0x0,0x0,0x0,0x0,0x0,0x12B
1135,0x0,0x0,0x0,0x0,0x0,0x0,0x0,0x0,0x0,0x100
1136,0x0,0x0,0x0,0x0,0x0,0x0,0x0,0x0,0x0,0x12B
1137,0x0,0x0,0x0,0x0,0x0,0x0,0x0,0x0,0x0,0x12B
1138,0x0,0x0,0x0,0x0,0x0,0x0,0x0,0x0,0x0,0x100
1139,0x0,0x0,0x0,0x0,0x0,0x0,0x0,0x0,0x0,0x12B
1140,0x0,0x0,0x0,0x0,0x0,0x0,0x0,0x0,0x0,0x12B
1141,0x0,0x0,0x0,0x0,0x0,0x0,0x0,0x0,0x0,0x0
1142,0x0,0x0,0x0,0x0,0x0,0x0,0x0,0x0,0x0,0x12B
1143,0x0,0x0,0x0,0x0,0x0,0x0,0x0,0x0,0x0,0x12B
1144,0x0,0x0,0x0,0x0,0x0,0x0,0x0,0x0,0x0,0x100
1145,0x0,0x0,0x0,0x0,0x0,0x0,0x0,0x0,0x0,0x12B
1146,0x0,0x0,0x0,0x0,0x0,0x0,0x0,0x0,0x0,0x12B
1147,0x0,0x0,0x0,0x0,0x0,0x0,0x0,0x0,0x0,0x100
1148,0x0,0x0,0x0,0x0,0x0,0x0,0x0,0x0,0x0,0x12B
1149,0x0,0x0,0x0,0x0,0x0,0x0,0x0,0x0,0x0,0x12B
1150,0x0,0x0,0x0,0x0,0x0,0x0,0x0,0x0,0x0,0x100
1151,0x0,0x0,0x0,0x0,0x0,0x0,0x0,0x0,0x0,0x12B
1152,0x0,0x0,0x0,0x0,0x0,0x0,0x0,0x0,0x0,0x12B
1153,0x0,0x0,0x0,0x0,0x0,0x0,0x0,0x0,0x0,0x0
1154,0x0,0x0,0x0,0x0,0x0,0x0,0x0,0x0,0x0,0x0
1155,0x0,0x0,0x0,0x0,0x0,0x0,0x0,0x0,0x0,0x12B
1156,0x0,0x0,0x0,0x0,0x0,0x0,0x0,0x0,0x0,0x100
1157,0x0,0x0,0x0,0x0,0x0,0x0,0x0,0x0,0x0,0x12B
1158,0x0,0x0,0x0,0x0,0x0,0x0,0x0,0x0,0x0,0x12B
1159,0x0,0x0,0x0,0x0,0x0,0x0,0x0,0x0,0x0,0x100
1160,0x0,0x0,0x0,0x0,0x0,0x0,0x0,0x0,0x0,0x12B
1161,0x0,0x0,0x0,0x0,0x0,0x0,0x0,0x0,0x0,0x12B
1162,0x0,0x0,0x0,0x0,0x0,0x0,0x0,0x0,0x0,0x100
1163,0x0,0x0,0x0,0x0,0x0,0x0,0x0,0x0,0x0,0x12B
1164,0x0,0x0,0x0,0x0,0x0,0x0,0x0,0x0,0x0,0x12B
1165,0x0,0x0,0x0,0x0,0x0,0x0,0x0,0x0,0x0,0x100
1166,0x0,0x0,0x0,0x0,0x0,0x0,0x0,0x0,0x0,0x12B
1167,0x0,0x0,0x0,0x0,0x0,0x0,0x0,0x0,0x0,0x12B
1168,0x0,0x0,0x0,0x0,0x0,0x0,0x0,0x0,0x0,0x100
1169,0x0,0x0,0x0,0x0,0x0,0x0,0x0,0x0,0x0,0x12B
1170,0x0,0x0,0x0,0x0,0x0,0x0,0x0,0x0,0x0,0x12B
1171,0x0,0x0,0x0,0x0,0x0,0x0,0x0,0x0,0x0,0x100
1172,0x0,0x0,0x0,0x0,0x0,0x0,0x0,0x0,0x0,0x12B
1173,0x0,0x0,0x0,0x0,0x0,0x0,0x0,0x0,0x0,0x12B
1174,0x0,0x0,0x0,0x0,0x0,0x0,0x0,0x0,0x0,0x100
1175,0x0,0x0,0x0,0x0,0x0,0x0,0x0,0x0,0x0,0x12B
1176,0x0,0x0,0x0,0x0,0x0,0x0,0x0,0x0,0x0,0x12B
1177,0x0,0x0,0x0,0x0,0x0,0x0,0x0,0x0,0x0,0x100
1178,0x0,0x0,0x0,0x0,0x0,0x0,0x0,0x0,0x0,0x12B
1179,0x0,0x0,0x0,0x0,0x0,0x0,0x0,0x0,0x0,0x12B
1180,0x0,0x0,0x0,0x0,0x0,0x0,0x0,0x0,0x0,0x100
1181,0x0,0x0,0x0,0x0,0x0,0x0,0x0,0x0,0x0,0x12B
1182,0x0,0x0,0x0,0x0,0x0,0x0,0x0,0x0,0x0,0x12B
1183,0x0,0x0,0x0,0x0,0x0,0x0,0x0,0x0,0x0,0x100
1184,0x0,0x0,0x0,0x0,0x0,0x0,0x0,0x0,0x0,0x0
1185,0x0,0x0,0x0,0x0,0x0,0x0,0x0,0x0,0x0,0x12B
1186,0x0,0x0,0x0,0x0,0x0,0x0,0x0,0x0,0x0,0x100
1187,0x0,0x0,0x0,0x0,0x0,0x0,0x0,0x0,0x0,0x12B
1188,0x0,0x0,0x0,0x0,0x0,0x0,0x0,0x0,0x0,0x12B
1189,0x0,0x0,0x0,0x0,0x0,0x0,0x0,0x0,0x0,0x100
1190,0x0,0x0,0x0,0x0,0x0,0x0,0x0,0x0,0x0,0x12B
1191,0x0,0x0,0x0,0x0,0x0,0x0,0x0,0x0,0x0,0x12B
1192,0x0,0x0,0x0,0x0,0x0,0x0,0x0,0x0,0x0,0x100
1193,0x0,0x0,0x0,0x0,0x0,0x0,0x0,0x0,0x0,0x12B
1194,0x0,0x0,0x0,0x0,0x0,0x0,0x0,0x0,0x0,0x12B
1195,0x0,0x0,0x0,0x0,0x0,0x0,0x0,0x0,0x0,0x100
1196,0x0,0x0,0x0,0x0,0x0,0x0,0x0,0x0,0x0,0x12B
1197,0x0,0x0,0x0,0x0,0x0,0x0,0x0,0x0,0x0,0x12B
1198,0x0,0x0,0x0,0x0,0x0,0x0,0x0,0x0,0x0,0x100
1199,0x0,0x0,0x0,0x0,0x0,0x0,0x0,0x0,0x0,0x12B
1200,0x0,0x0,0x0,0x0,0x0,0x0,0x0,0x0,0x0,0x12B
1201,0x0,0x0,0x0,0x0,0x0,0x0,0x0,0x0,0x0,0x100
1202,0x0,0x0,0x0,0x0,0x0,0x0,0x0,0x0,0x0,0x12B
1203,0x0,0x0,0x0,0x0,0x0,0x0,0x0,0x0,0x0,0x12B
1204,0x0,0x0,0x0,0x0,0x0,0x0,0x0,0x0,0x0,0x0
1205,0x0,0x0,0x0,0x0,0x0,0x0,0x0,0x0,0x0,0x0
1206,0x0,0x0,0x0,0x0,0x0,0x0,0x0,0x0,0x0,0x12B
1207,0x0,0x0,0x0,0x0,0x0,0x0,0x0,0x0,0x0,0x100
1208,0x0,0x0,0x0,0x0,0x0,0x0,0x0,0x0,0x0,0x12B
1209,0x0,0x0,0x0,0x0,0x0,0x0,0x0,0x0,0x0,0x12B
1210,0x0,0x0,0x0,0x0,0x0,0x0,0x0,0x0,0x0,0x0
1211,0x0,0x0,0x0,0x0,0x0,0x0,0x0,0x0,0x0,0x12B
1212,0x0,0x0,0x0,0x0,0x0,0x0,0x0,0x0,0x0,0x12B
1213,0x0,0x0,0x0,0x0,0x0,0x0,0x0,0x0,0x0,0x100
1214,0x0,0x0,0x0,0x0,0x0,0x0,0x0,0x0,0x0,0x0
1215,0x0,0x0,0x0,0x0,0x0,0x0,0x0,0x0,0x0,0x12B
1216,0x0,0x0,0x0,0x0,0x0,0x0,0x0,0x0,0x0,0x100
1217,0x0,0x0,0x0,0x0,0x0,0x0,0x0,0x0,0x0,0x12B
1218,0x0,0x0,0x0,0x0,0x0,0x0,0x0,0x0,0x0,0x12B
1219,0x0,0x0,0x0,0x0,0x0,0x0,0x0,0x0,0x0,0x100
1220,0x0,0x0,0x0,0x0,0x0,0x0,0x0,0x0,0x0,0x12B
1221,0x0,0x0,0x0,0x0,0x0,0x0,0x0,0x0,0x0,0x12B
1222,0x0,0x0,0x0,0x0,0x0,0x0,0x0,0x0,0x0,0x100
1223,0x0,0x0,0x0,0x0,0x0,0x0,0x0,0x0,0x0,0x12B
1224,0x0,0x0,0x0,0x0,0x0,0x0,0x0,0x0,0x0,0x12B
1225,0x0,0x0,0x0,0x0,0x0,0x0,0x0,0x0,0x0,0x100
1226,0x0,0x0,0x0,0x0,0x0,0x0,0x0,0x0,0x0,0x12B
1227,0x0,0x0,0x0,0x0,0x0,0x0,0x0,0x0,0x0,0x12B
1228,0x0,0x0,0x0,0x0,0x0,0x0,0x0,0x0,0x0,0x100
1229,0x0,0x0,0x0,0x0,0x0,0x0,0x0,0x0,0x0,0x12B
1230,0x0,0x0,0x0,0x0,0x0,0x0,0x0,0x0,0x0,0x12B
1231,0x0,0x0,0x0,0x0,0x0,0x0,0x0,0x0,0x0,0x100
1232,0x0,0x0,0x0,0x0,0x0,0x0,0x0,0x0,0x0,0x12B
1233,0x0,0x0,0x0,0x0,0x0,0x0,0x0,0x0,0x0,0x12B
1234,0x0,0x0,0x0,0x0,0x0,0x0,0x0,0x0,0x0,0x0
1235,0x0,0x0,0x0,0x0,0x0,0x0,0x0,0x0,0x0,0x0
1236,0x0,0x0,0x0,0x0,0x0,0x0,0x0,0x0,0x0,0x0
1237,0x0,0x0,0x0,0x0,0x0,0x0,0x0,0x0,0x0,0x0
1238,0x0,0x0,0x0,0x0,0x0,0x0,0x0,0x0,0x0,0x3
1239,0x0,0x0,0x0,0x0,0x0,0x0,0x0,0x0,0x0,0x3
1240,0x0,0x0,0x0,0x0,0x0,0x0,0x0,0x0,0x0,0x3
1241,0x0,0x0,0x0,0x0,0x0,0x0,0x0,0x0,0x0,0x3
1242,0x0,0x0,0x0,0x0,0x0,0x0,0x0,0x0,0x0,0x3
1243,0x0,0x0,0x0,0x0,0x0,0x0,0x0,0x0,0x0,0x3
1244,0x0,0x0,0x0,0x0,0x0,0x0,0x0,0x0,0x0,0x3
1245,0x0,0x0,0x0,0x0,0x0,0x0,0x0,0x0,0x0,0x3
1246,0x0,0x0,0x0,0x0,0x0,0x0,0x0,0x0,0x0,0x3
1247,0x0,0x0,0x0,0x0,0x0,0x0,0x0,0x0,0x0,0x3
1248,0x0,0x0,0x0,0x0,0x0,0x0,0x0,0x0,0x0,0x3
1249,0x0,0x0,0x0,0x0,0x0,0x0,0x0,0x0,0x0,0x3
1250,0x0,0x0,0x0,0x0,0x0,0x0,0x0,0x0,0x0,0x3
1251,0x0,0x0,0x0,0x0,0x0,0x0,0x0,0x0,0x0,0x3
1252,0x0,0x0,0x0,0x0,0x0,0x0,0x0,0x0,0x0,0x3
1253,0x0,0x0,0x0,0x0,0x0,0x0,0x0,0x0,0x0,0x3
1254,0x0,0x0,0x0,0x0,0x0,0x0,0x0,0x0,0x0,0x3
1255,0x0,0x0,0x0,0x0,0x0,0x0,0x0,0x0,0x0,0x3
1256,0x0,0x0,0x0,0x0,0x0,0x0,0x0,0x0,0x0,0x3
1257,0x0,0x0,0x0,0x0,0x0,0x0,0x0,0x0,0x0,0x3
1258,0x0,0x0,0x0,0x0,0x0,0x0,0x0,0x0,0x0,0x102
1259,0x0,0x0,0x0,0x0,0x0,0x0,0x0,0x0,0x0,0x102
1260,0x0,0x0,0x0,0x0,0x0,0x0,0x0,0x0,0x0,0x102
1261,0x1,0x0,0x0,0x0,0x0,0x0,0x0,0x0,0x0,0x102
1262,0x1,0x0,0x0,0x0,0x0,0x0,0x0,0x0,0x0,0x102
1263,0x1,0x0,0x0,0x0,0x0,0x0,0x0,0x0,0x0,0x102
1264,0x1,0x0,0x0,0x0,0x0,0x0,0x0,0x0,0x0,0x2
1265,0x1,0x0,0x0,0x0,0x0,0x0,0x0,0x0,0x0,0x2
1266,0x1,0x0,0x0,0x0,0x0,0x0,0x0,0x0,0x0,0x2
1267,0x1,0x0,0x0,0x0,0x0,0x0,0x0,0x0,0x0,0x2
1268,0x1,0x0,0x0,0x0,0x0,0x0,0x0,0x0,0x0,0x2
1269,0x1,0x0,0x0,0x0,0x0,0x0,0x0,0x0,0x0,0x2
1270,0x1,0x0,0x0,0x0,0x0,0x0,0x0,0x0,0x0,0x2
1271,0x1,0x0,0x0,0x0,0x0,0x0,0x0,0x0,0x0,0x2
1272,0x1,0x0,0x0,0x0,0x0,0x0,0x0,0x0,0x0,0x2
1273,0x1,0x0,0x0,0x0,0x0,0x0,0x0,0x0,0x0,0x2
1274,0x1,0x0,0x0,0x0,0x0,0x0,0x0,0x0,0x0,0x2
1275,0x1,0x0,0x0,0x0,0x0,0x0,0x0,0x0,0x0,0x2
1276,0x1,0x0,0x0,0x0,0x0,0x0,0x0,0x0,0x0,0x2
1277,0x1,0x0,0x0,0x0,0x0,0x0,0x0,0x0,0x0,0x2
1278,0x1,0x0,0x0,0x0,0x0,0x0,0x0,0x0,0x0,0x2
1279,0x1,0x0,0x0,0x0,0x0,0x0,0x0,0x0,0x0,0x2
