frame,0xFF7B40,0xFFC80C,0x2000410A
1,0x0,0x0,0xA000
2,0x0,0x0,0x2000
3,0x0,0x0,0x2002
4,0x0,0x0,0x2000
5,0x0,0x0,0x2000
6,0x0,0x0,0x2000
7,0x0,0x0,0x6000
8,0x0,0x0,0x6000
9,0x0,0x0,0x6000
10,0x0,0x0,0x6000
11,0x0,0x0,0x6000
12,0x0,0x0,0x0
13,0x0,0x0,0x4000
14,0x0,0x0,0x4000
15,0x0,0x0,0x4000
16,0x0,0x0,0x4000
17,0x0,0x1,0x1
18,0x0,0x1,0x4001
19,0x0,0x1,0x4001
20,0x0,0x0,0x0
21,0x0,0x0,0x0
22,0x0,0x0,0x0
23,0x0,0x1,0x4001
24,0x0,0x1,0x3
25,0x0,0x1,0x1
26,0x0,0x0,0x4000
27,0x0,0x0,0x4000
28,0x0,0x0,0x4000
29,0x0,0x1,0x1
30,0x0,0x1,0x4001
31,0x0,0x1,0x4001
32,0x0,0x0,0x0
33,0x0,0x0,0x0
34,0x0,0x0,0x0
35,0x0,0x1,0x4001
36,0x0,0x1,0x3
37,0x0,0x1,0x1
38,0x0,0x0,0x4000
39,0x0,0x0,0x4000
40,0x0,0x0,0x4000
41,0x0,0x1,0x1
42,0x0,0x1,0x4001
43,0x0,0x1,0x4001
44,0x0,0x0,0x0
45,0x0,0x0,0x0
46,0x0,0x0,0x0
47,0x0,0x1,0x4001
48,0x0,0x1,0x3
49,0x0,0x1,0x1
50,0x0,0x0,0x4000
51,0x0,0x0,0x4000
52,0x0,0x0,0x4000
53,0x0,0x1,0x1
54,0x0,0x1,0x4001
55,0x0,0x1,0x4001
56,0x0,0x0,0x0
57,0x0,0x0,0x0
58,0x0,0x0,0x0
59,0x0,0x1,0x4001
60,0x0,0x1,0x3
61,0x0,0x1,0x1
62,0x0,0x0,0x4000
63,0x0,0x0,0x4000
64,0x0,0x0,0x4000
65,0x0,0x1,0x1
66,0x0,0x1,0x4001
67,0x0,0x1,0x4001
68,0x0,0x0,0x0
69,0x0,0x0,0x0
70,0x0,0x0,0x0
71,0x0,0x1,0x4001
72,0x0,0x1,0x3
73,0x0,0x1,0x1
74,0x0,0x0,0x4000
75,0x0,0x0,0x4000
76,0x0,0x0,0x4000
77,0x0,0x1,0x1
78,0x0,0x1,0x4001
79,0x0,0x1,0x4001
80,0x0,0x0,0x0
81,0x0,0x0,0x0
82,0x0,0x0,0x0
83,0x0,0x1,0x4001
84,0x0,0x1,0x3
85,0x0,0x1,0x1
86,0x0,0x0,0x4000
87,0x0,0x0,0x4000
88,0x0,0x0,0x4000
89,0x0,0x1,0x1
90,0x0,0x1,0x4001
91,0x0,0x1,0x4001
92,0x0,0x0,0x0
93,0x0,0x0,0x0
94,0x0,0x0,0x0
95,0x0,0x1,0x4001
96,0x0,0x1,0x3
97,0x0,0x1,0x1
98,0x0,0x0,0x4000
99,0x0,0x0,0x4000
100,0x0,0x0,0x4000
101,0x0,0x1,0x1
102,0x0,0x1,0x4001
103,0x0,0x1,0x4001
104,0x0,0x0,0x0
105,0x0,0x0,0x0
106,0x0,0x0,0x0
107,0x0,0x1,0x4001
108,0x0,0x1,0x3
109,0x0,0x1,0x1
110,0x0,0x0,0x4000
111,0x0,0x0,0x4000
112,0x0,0x0,0x4000
113,0x0,0x1,0x1
114,0x0,0x1,0x4001
115,0x0,0x1,0x4001
116,0x0,0x0,0x0
117,0x0,0x0,0x0
118,0x0,0x0,0x0
119,0x0,0x1,0x4001
120,0x0,0x1,0x3
121,0x0,0x1,0x1
122,0x0,0x0,0x4000
123,0x0,0x0,0x4000
124,0x0,0x0,0x4000
125,0x0,0x1,0x1
126,0x0,0x1,0x4001
127,0x0,0x1,0x4001
128,0x0,0x0,0x0
129,0x0,0x0,0x0
130,0x0,0x0,0x0
131,0x0,0x1,0x4001
132,0x0,0x1,0x3
133,0x0,0x1,0x1
134,0x0,0x0,0x4000
135,0x0,0x0,0x4000
136,0x0,0x0,0x4000
137,0x0,0x1,0x1
138,0x0,0x1,0x4001
139,0x0,0x1,0x4001
140,0x0,0x0,0x0
141,0x0,0x0,0x0
142,0x0,0x0,0x0
143,0x0,0x1,0x4001
144,0x0,0x1,0x3
145,0x0,0x1,0x1
146,0x0,0x0,0x4000
147,0x0,0x0,0x4000
148,0x0,0x0,0x4000
149,0x0,0x1,0x1
150,0x0,0x1,0x4001
151,0x0,0x1,0x4001
152,0x0,0x0,0x0
153,0x0,0x0,0x0
154,0x0,0x0,0x0
155,0x0,0x1,0x4001
156,0x0,0x1,0x3
157,0x0,0x1,0x1
158,0x0,0x0,0x4000
159,0x0,0x0,0x4000
160,0x0,0x0,0x4000
161,0x0,0x1,0x1
162,0x0,0x1,0x4001
163,0x0,0x1,0x4001
164,0x0,0x0,0x0
165,0x0,0x0,0x0
166,0x0,0x0,0x0
167,0x0,0x1,0x4001
168,0x0,0x1,0x3
169,0x0,0x1,0x1
170,0x0,0x0,0x4000
171,0x0,0x0,0x4000
172,0x0,0x0,0x4000
173,0x0,0x1,0x1
174,0x0,0x1,0x4001
175,0x0,0x1,0x4001
176,0x0,0x0,0x0
177,0x0,0x0,0x0
178,0x0,0x0,0x0
179,0x0,0x1,0x4001
180,0x0,0x1,0x3
181,0x0,0x1,0x1
182,0x0,0x0,0x4000
183,0x0,0x0,0x4000
184,0x0,0x0,0x4000
185,0x0,0x1,0x1
186,0x0,0x1,0x4001
187,0x0,0x1,0x4001
188,0x0,0x0,0x0
189,0x0,0x0,0x0
190,0x0,0x0,0x0
191,0x0,0x1,0x4001
192,0x0,0x1,0x3
193,0x0,0x1,0x1
194,0x0,0x0,0x4000
195,0x0,0x0,0x4000
196,0x0,0x0,0x4000
197,0x0,0x1,0x1
198,0x0,0x1,0x4001
199,0x0,0x1,0x4001
200,0x0,0x0,0x0
201,0x0,0x0,0x0
202,0x0,0x0,0x0
203,0x0,0x1,0x4001
204,0x0,0x1,0x3
205,0x0,0x1,0x1
206,0x0,0x0,0x4000
207,0x0,0x0,0x4000
208,0x0,0x0,0x4000
209,0x0,0x1,0x1
210,0x0,0x1,0x4001
211,0x0,0x1,0x4001
212,0x0,0x0,0x0
213,0x0,0x0,0x0
214,0x0,0x0,0x0
215,0x0,0x1,0x4001
216,0x0,0x1,0x3
217,0x0,0x1,0x1
218,0x0,0x0,0x4000
219,0x0,0x0,0x4000
220,0x0,0x0,0x4000
221,0x0,0x1,0x1
222,0x0,0x1,0x4001
223,0x0,0x1,0x4001
224,0x0,0x0,0x0
225,0x0,0x0,0x0
226,0x0,0x0,0x0
227,0x0,0x1,0x4001
228,0x0,0x1,0x3
229,0x0,0x1,0x1
230,0x0,0x0,0x4000
231,0x0,0x0,0x4000
232,0x0,0x0,0x4000
233,0x0,0x1,0x1
234,0x0,0x1,0x4001
235,0x0,0x1,0x4001
236,0x0,0x0,0x0
237,0x0,0x0,0x0
238,0x0,0x0,0x0
239,0x0,0x1,0x4001
240,0x0,0x1,0x3
241,0x0,0x1,0x1
242,0x0,0x0,0x4000
243,0x0,0x0,0x4000
244,0x0,0x0,0x4000
245,0x0,0x1,0x1
246,0x0,0x1,0x4001
247,0x0,0x1,0x4001
248,0x0,0x0,0x0
249,0x0,0x0,0x0
250,0x0,0x0,0x0
251,0x0,0x1,0x4001
252,0x0,0x1,0x3
253,0x0,0x1,0x1
254,0x0,0x0,0x4000
255,0x0,0x0,0x4000
256,0x0,0x0,0x4000
257,0x0,0x1,0x1
258,0x0,0x1,0x4001
259,0x0,0x1,0x4001
260,0x0,0x0,0x0
261,0x0,0x0,0x0
262,0x0,0x0,0x0
263,0x0,0x1,0x4001
264,0x0,0x1,0x3
265,0x0,0x1,0x1
266,0x0,0x0,0x4000
267,0x0,0x0,0x4000
268,0x0,0x0,0x4000
269,0x0,0x1,0x1
270,0x0,0x1,0x4001
271,0x0,0x1,0x4001
272,0x0,0x0,0x0
273,0x0,0x0,0x0
274,0x0,0x0,0x0
275,0x0,0x1,0x4001
276,0x0,0x1,0x3
277,0x0,0x1,0x1
278,0x0,0x0,0x4000
279,0x0,0x0,0x4000
280,0x0,0x0,0x4000
281,0x0,0x1,0x1
282,0x0,0x1,0x4001
283,0x0,0x1,0x4001
284,0x0,0x0,0x0
285,0x0,0x0,0x0
286,0x0,0x0,0x0
287,0x0,0x1,0x4001
288,0x0,0x1,0x3
289,0x0,0x1,0x1
290,0x0,0x0,0x4000
291,0x0,0x0,0x4000
292,0x0,0x0,0x4000
293,0x0,0x1,0x1
294,0x0,0x1,0x4001
295,0x0,0x1,0x4001
296,0x0,0x0,0x0
297,0x0,0x0,0x0
298,0x0,0x0,0x0
299,0x0,0x1,0x4001
300,0x0,0x1,0x3
301,0x0,0x1,0x1
302,0x0,0x0,0x4000
303,0x0,0x0,0x4000
304,0x0,0x0,0x4000
305,0x0,0x1,0x1
306,0x0,0x1,0x4001
307,0x0,0x1,0x4001
308,0x0,0x0,0x0
309,0x0,0x0,0x0
310,0x0,0x0,0x0
311,0x0,0x1,0x4001
312,0x0,0x1,0x3
313,0x0,0x1,0x1
314,0x0,0x0,0x4000
315,0x0,0x0,0x4000
316,0x0,0x0,0x4000
317,0x0,0x1,0x1
318,0x0,0x1,0x4001
319,0x0,0x1,0x4001
320,0x0,0x0,0x0
321,0x0,0x0,0x0
322,0x0,0x0,0x0
323,0x0,0x1,0x4001
324,0x0,0x1,0x3
325,0x0,0x1,0x1
326,0x0,0x0,0x4000
327,0x0,0x0,0x4000
328,0x0,0x0,0x4000
329,0x0,0x1,0x1
330,0x0,0x1,0x4001
331,0x0,0x1,0x4001
332,0x0,0x0,0x0
333,0x0,0x0,0x0
334,0x0,0x0,0x0
335,0x0,0x1,0x4001
336,0x0,0x1,0x3
337,0x0,0x1,0x1
338,0x0,0x0,0x4000
339,0x0,0x0,0x4000
340,0x0,0x0,0x4000
341,0x0,0x1,0x1
342,0x0,0x1,0x4001
343,0x0,0x1,0x4001
344,0x0,0x0,0x0
345,0x0,0x0,0x0
346,0x0,0x0,0x0
347,0x0,0x1,0x4001
348,0x0,0x1,0x3
349,0x0,0x1,0x1
350,0x0,0x0,0x4000
351,0x0,0x0,0x4000
352,0x0,0x0,0x4000
353,0x0,0x1,0x1
354,0x0,0x1,0x4001
355,0x0,0x1,0x4001
356,0x0,0x0,0x0
357,0x0,0x0,0x0
358,0x0,0x0,0x0
359,0x0,0x1,0x4001
360,0x0,0x1,0x3
361,0x0,0x1,0x1
362,0x0,0x0,0x4000
363,0x0,0x0,0x4000
364,0x0,0x0,0x4000
365,0x0,0x1,0x1
366,0x0,0x1,0x4001
367,0x0,0x1,0x4001
368,0x0,0x0,0x0
369,0x0,0x0,0x0
370,0x0,0x0,0x0
371,0x0,0x1,0x4001
372,0x0,0x1,0x3
373,0x0,0x1,0x1
374,0x0,0x0,0x4000
375,0x0,0x0,0x2000
376,0x0,0x0,0x2002
377,0x0,0x0,0x2000
378,0x0,0x0,0x2000
379,0x0,0x0,0x2000
380,0x0,0x0,0x6000
381,0x0,0x0,0x6000
382,0x0,0x0,0x6000
383,0x0,0x0,0x6000
384,0x0,0x0,0x2002
385,0x0,0x0,0x2000
386,0x0,0x0,0x2000
387,0x0,0x0,0x2000
388,0x0,0x0,0x6000
389,0x0,0x0,0x6000
390,0x0,0x0,0x6000
391,0x0,0x0,0x6000
392,0x0,0x0,0x2002
393,0x0,0x0,0x0
394,0x0,0x0,0x0
395,0x0,0x0,0x0
396,0x0,0x0,0x4002
397,0x0,0x0,0x4000
398,0x0,0x0,0x2
399,0x0,0x1,0x4001
400,0x0,0x1,0x4003
401,0x0,0x1,0x4001
402,0x0,0x0,0x0
403,0x0,0x0,0x4002
404,0x0,0x0,0x4000
405,0x0,0x1,0x1
406,0x0,0x1,0x1
407,0x0,0x1,0x3
408,0x0,0x0,0x4000
409,0x0,0x0,0x4002
410,0x0,0x0,0x0
411,0x0,0x1,0x1
412,0x0,0x1,0x3
413,0x0,0x1,0x3
414,0x0,0x0,0x4000
415,0x0,0x0,0x0
416,0x0,0x0,0x2
417,0x0,0x1,0x4001
418,0x0,0x1,0x4001
419,0x0,0x1,0x3
420,0x0,0x0,0x4000
421,0x0,0x0,0x4000
422,0x0,0x0,0x0
423,0x0,0x1,0x1
424,0x0,0x1,0x1
425,0x0,0x1,0x4001
426,0x0,0x0,0x4000
427,0x0,0x0,0x4000
428,0x0,0x0,0x0
429,0x0,0x1,0x1
430,0x0,0x1,0x4001
431,0x0,0x1,0x4001
432,0x0,0x0,0x4000
433,0x0,0x0,0x0
434,0x0,0x0,0x4000
435,0x0,0x1,0x1
436,0x0,0x1,0x4001
437,0x0,0x1,0x1
438,0x0,0x0,0x2
439,0x0,0x0,0x4000
440,0x0,0x0,0x2
441,0x0,0x1,0x4001
442,0x0,0x1,0x1
443,0x0,0x1,0x4001
444,0x0,0x0,0x0
445,0x0,0x0,0x2
446,0x0,0x0,0x2
447,0x0,0x1,0x4001
448,0x0,0x1,0x1
449,0x0,0x1,0x1
450,0x0,0x0,0x0
451,0x0,0x0,0x4000
452,0x0,0x0,0x0
453,0x0,0x1,0x1
454,0x0,0x1,0x3
455,0x0,0x1,0x4001
456,0x0,0x0,0x4000
457,0x0,0x0,0x0
458,0x0,0x0,0x4000
459,0x0,0x1,0x1
460,0x0,0x1,0x4001
461,0x0,0x1,0x4001
462,0x0,0x0,0x0
463,0x0,0x0,0x4000
464,0x0,0x0,0x0
465,0x0,0x1,0x3
466,0x0,0x1,0x1
467,0x0,0x1,0x3
468,0x0,0x0,0x4000
469,0x0,0x0,0x4002
470,0x0,0x0,0x4000
471,0x0,0x1,0x1
472,0x0,0x1,0x4001
473,0x0,0x1,0x1
474,0x0,0x0,0x2
475,0x0,0x0,0x4002
476,0x0,0x0,0x4000
477,0x0,0x1,0x4001
478,0x0,0x1,0x4001
479,0x0,0x1,0x4001
480,0x0,0x0,0x4000
481,0x0,0x0,0x2
482,0x0,0x0,0x4000
483,0x0,0x1,0x4001
484,0x0,0x1,0x4003
485,0x0,0x1,0x4001
486,0x0,0x0,0x4000
487,0x0,0x0,0x4000
488,0x0,0x0,0x0
489,0x0,0x1,0x1
490,0x0,0x1,0x4001
491,0x0,0x1,0x1
492,0x0,0x0,0x0
493,0x0,0x0,0x2
494,0x0,0x0,0x4000
495,0x0,0x1,0x4001
496,0x0,0x1,0x4001
497,0x0,0x1,0x4001
498,0x0,0x0,0x4000
499,0x0,0x0,0x4000
500,0x0,0x0,0x4000
501,0x0,0x1,0x4001
502,0x0,0x1,0x3
503,0x0,0x1,0x4001
504,0x0,0x0,0x4000
505,0x0,0x0,0x4000
506,0x0,0x0,0x4000
507,0x0,0x1,0x4001
508,0x0,0x1,0x4001
509,0x0,0x1,0x4001
510,0x0,0x0,0x0
511,0x0,0x0,0x4002
512,0x0,0x0,0x4000
513,0x0,0x1,0x1
514,0x0,0x1,0x3
515,0x0,0x1,0x1
516,0x0,0x0,0x2
517,0x0,0x0,0x0
518,0x0,0x0,0x0
519,0x0,0x1,0x1
520,0x0,0x1,0x4001
521,0x0,0x1,0x4001
522,0x0,0x0,0x0
523,0x0,0x0,0x4000
524,0x0,0x0,0x4000
525,0x0,0x1,0x4001
526,0x0,0x1,0x4001
527,0x0,0x1,0x4001
528,0x0,0x0,0x4000
529,0x0,0x0,0x4000
530,0x0,0x0,0x2
531,0x0,0x1,0x4001
532,0x0,0x1,0x3
533,0x0,0x1,0x1
534,0x0,0x0,0x4000
535,0x0,0x0,0x0
536,0x0,0x0,0x0
537,0x0,0x1,0x1
538,0x0,0x1,0x4001
539,0x0,0x1,0x4001
540,0x0,0x0,0x0
541,0x0,0x0,0x4000
542,0x0,0x0,0x4000
543,0x0,0x1,0x4001
544,0x0,0x1,0x4001
545,0x0,0x1,0x4001
546,0x0,0x0,0x4000
547,0x0,0x0,0x4000
548,0x0,0x0,0x2
549,0x0,0x1,0x4001
550,0x0,0x1,0x3
551,0x0,0x1,0x1
552,0x0,0x0,0x4000
553,0x0,0x0,0x0
554,0x0,0x0,0x0
555,0x0,0x1,0x1
556,0x0,0x1,0x4001
557,0x0,0x1,0x4001
558,0x0,0x0,0x0
559,0x0,0x0,0x4000
560,0x0,0x0,0x4000
561,0x0,0x1,0x4001
562,0x0,0x1,0x4001
563,0x0,0x1,0x4001
564,0x0,0x0,0x4000
565,0x0,0x0,0x4000
566,0x0,0x0,0x2
567,0x0,0x1,0x4001
568,0x0,0x1,0x3
569,0x0,0x1,0x1
570,0x0,0x0,0x4000
571,0x0,0x0,0x0
572,0x0,0x0,0x0
573,0x0,0x1,0x1
574,0x0,0x1,0x4001
575,0x0,0x1,0x4001
576,0x0,0x0,0x0
577,0x0,0x0,0x4000
578,0x0,0x0,0x4000
579,0x0,0x1,0x4001
580,0x0,0x1,0x4001
581,0x0,0x1,0x4001
582,0x0,0x0,0x4000
583,0x0,0x0,0x4000
584,0x0,0x0,0x2
585,0x0,0x1,0x4001
586,0x0,0x1,0x3
587,0x0,0x1,0x1
588,0x0,0x0,0x4000
589,0x0,0x0,0x0
590,0x0,0x0,0x0
591,0x0,0x1,0x1
592,0x0,0x1,0x4001
593,0x0,0x1,0x4001
594,0x0,0x0,0x0
595,0x0,0x0,0x4000
596,0x0,0x0,0x4000
597,0x0,0x1,0x4001
598,0x0,0x1,0x4001
599,0x0,0x1,0x4001
600,0x0,0x0,0x4000
601,0x0,0x0,0x4000
602,0x0,0x0,0x2
603,0x0,0x1,0x4001
604,0x0,0x1,0x3
605,0x0,0x1,0x1
606,0x0,0x0,0x4000
607,0x0,0x0,0x0
608,0x0,0x0,0x0
609,0x0,0x1,0x1
610,0x0,0x1,0x4001
611,0x0,0x1,0x4001
612,0x0,0x0,0x0
613,0x0,0x0,0x4000
614,0x0,0x0,0x4000
615,0x0,0x1,0x4001
616,0x0,0x1,0x4001
617,0x0,0x1,0x4001
618,0x0,0x0,0x4000
619,0x0,0x0,0x4000
620,0x0,0x0,0x2
621,0x0,0x1,0x4001
622,0x0,0x1,0x3
623,0x0,0x1,0x1
624,0x0,0x0,0x4000
625,0x0,0x0,0x0
626,0x0,0x0,0x0
627,0x0,0x1,0x1
628,0x0,0x1,0x4001
629,0x0,0x1,0x4001
630,0x0,0x0,0x0
631,0x0,0x0,0x4000
632,0x0,0x0,0x4000
633,0x0,0x1,0x4001
634,0x0,0x1,0x4001
635,0x0,0x1,0x4001
636,0x0,0x0,0x4000
637,0x0,0x0,0x4000
638,0x0,0x0,0x2
639,0x0,0x1,0x4001
640,0x0,0x1,0x3
641,0x0,0x1,0x1
642,0x0,0x0,0x4000
643,0x0,0x0,0x0
644,0x0,0x0,0x0
645,0x0,0x1,0x1
646,0x0,0x1,0x4001
647,0x0,0x1,0x4001
648,0x0,0x0,0x0
649,0x0,0x0,0x4000
650,0x0,0x0,0x4000
651,0x0,0x1,0x4001
652,0x0,0x1,0x4001
653,0x0,0x1,0x4001
654,0x0,0x0,0x4000
655,0x0,0x0,0x4000
656,0x0,0x0,0x2
657,0x0,0x1,0x4001
658,0x0,0x1,0x3
659,0x0,0x1,0x1
660,0x0,0x0,0x4000
661,0x0,0x0,0x0
662,0x0,0x0,0x0
663,0x0,0x1,0x1
664,0x0,0x1,0x4001
665,0x0,0x1,0x4001
666,0x0,0x0,0x0
667,0x0,0x0,0x4000
668,0x0,0x0,0x4000
669,0x0,0x1,0x4001
670,0x0,0x1,0x4001
671,0x0,0x1,0x4001
672,0x0,0x0,0x4000
673,0x0,0x0,0x4000
674,0x0,0x0,0x2
675,0x0,0x1,0x4001
676,0x0,0x1,0x3
677,0x0,0x1,0x1
678,0x0,0x0,0x4000
679,0x0,0x0,0x0
680,0x0,0x0,0x0
681,0x0,0x1,0x1
682,0x0,0x1,0x4001
683,0x0,0x1,0x4001
684,0x0,0x0,0x0
685,0x0,0x0,0x4000
686,0x0,0x0,0x4000
687,0x0,0x1,0x4001
688,0x0,0x1,0x4001
689,0x0,0x1,0x4001
690,0x0,0x0,0x4000
691,0x0,0x0,0x4000
692,0x0,0x0,0x2
693,0x0,0x1,0x4001
694,0x0,0x1,0x3
695,0x0,0x1,0x1
696,0x0,0x0,0x4000
697,0x0,0x0,0x0
698,0x0,0x0,0x0
699,0x0,0x1,0x1
700,0x0,0x1,0x4001
701,0x0,0x1,0x4001
702,0x0,0x0,0x0
703,0x0,0x0,0x4000
704,0x0,0x0,0x4000
705,0x0,0x1,0x4001
706,0x0,0x1,0x4001
707,0x0,0x1,0x4001
708,0x0,0x0,0x4000
709,0x0,0x0,0x4000
710,0x0,0x0,0x2
711,0x0,0x1,0x4001
712,0x0,0x1,0x3
713,0x0,0x1,0x1
714,0x0,0x0,0x4000
715,0x0,0x0,0x0
716,0x0,0x0,0x0
717,0x0,0x1,0x1
718,0x0,0x1,0x4001
719,0x0,0x1,0x4001
720,0x0,0x0,0x0
721,0x0,0x0,0x4000
722,0x0,0x0,0x4000
723,0x0,0x1,0x4001
724,0x0,0x1,0x4001
725,0x0,0x1,0x4001
726,0x0,0x0,0x4000
727,0x0,0x0,0x4000
728,0x0,0x0,0x2
729,0x0,0x1,0x4001
730,0x0,0x1,0x3
731,0x0,0x1,0x1
732,0x0,0x0,0x4000
733,0x0,0x0,0x0
734,0x0,0x0,0x0
735,0x0,0x0,0x2000
736,0x0,0x0,0x2000
737,0x0,0x0,0x2000
738,0x0,0x0,0x2000
739,0x0,0x0,0x6000
740,0x0,0x0,0x6000
741,0x0,0x0,0x6000
742,0x0,0x0,0x6000
743,0x0,0x0,0x2
744,0x0,0x0,0x0
745,0x0,0x0,0x4000
746,0x0,0x0,0x4000
747,0x0,0x1,0x1
748,0x0,0x1,0x1
749,0x0,0x1,0x4001
750,0x0,0x0,0x0
751,0x0,0x0,0x4000
752,0x0,0x0,0x2
753,0x0,0x1,0x4001
754,0x0,0x1,0x4001
755,0x0,0x1,0x4001
756,0x0,0x0,0x0
757,0x0,0x0,0x2
758,0x0,0x0,0x0
759,0x0,0x1,0x4001
760,0x0,0x1,0x4001
761,0x0,0x1,0x4001
762,0x0,0x0,0x4000
763,0x0,0x0,0x4000
764,0x0,0x0,0x4000
765,0x0,0x1,0x1
766,0x0,0x1,0x3
767,0x0,0x1,0x1
768,0x0,0x0,0x4000
769,0x0,0x0,0x4000
770,0x0,0x0,0x4000
771,0x0,0x1,0x4001
772,0x0,0x1,0x1
773,0x0,0x1,0x1
774,0x0,0x0,0x2
775,0x0,0x0,0x4000
776,0x0,0x0,0x4000
777,0x0,0x1,0x1
778,0x0,0x1,0x4001
779,0x0,0x1,0x3
780,0x0,0x0,0x4000
781,0x0,0x0,0x4000
782,0x0,0x0,0x4000
783,0x0,0x1,0x1
784,0x0,0x1,0x1
785,0x0,0x1,0x4001
786,0x0,0x0,0x0
787,0x0,0x0,0x4000
788,0x0,0x0,0x4000
789,0x0,0x1,0x4001
790,0x0,0x1,0x1
791,0x0,0x1,0x1
792,0x0,0x0,0x2
793,0x0,0x0,0x4000
794,0x0,0x0,0x4000
795,0x0,0x1,0x1
796,0x0,0x1,0x1
797,0x0,0x1,0x1
798,0x0,0x0,0x2
799,0x0,0x0,0x0
800,0x0,0x0,0x0
801,0x0,0x1,0x3
802,0x0,0x1,0x4001
803,0x0,0x1,0x3
804,0x0,0x0,0x4000
805,0x0,0x0,0x4000
806,0x0,0x0,0x4000
807,0x0,0x1,0x1
808,0x0,0x1,0x1
809,0x0,0x1,0x4001
810,0x0,0x0,0x0
811,0x0,0x0,0x4000
812,0x0,0x0,0x4000
813,0x0,0x1,0x1
814,0x0,0x1,0x4001
815,0x0,0x1,0x4001
816,0x0,0x0,0x4000
817,0x0,0x0,0x4000
818,0x0,0x0,0x4000
819,0x0,0x1,0x1
820,0x0,0x1,0x3
821,0x0,0x1,0x1
822,0x0,0x0,0x4000
823,0x0,0x0,0x4000
824,0x0,0x0,0x4000
825,0x0,0x1,0x4001
826,0x0,0x1,0x3
827,0x0,0x1,0x1
828,0x0,0x0,0x4000
829,0x0,0x0,0x2
830,0x0,0x0,0x0
831,0x0,0x1,0x4001
832,0x0,0x1,0x3
833,0x0,0x1,0x1
834,0x0,0x0,0x4000
835,0x0,0x0,0x4000
836,0x0,0x0,0x4000
837,0x0,0x1,0x1
838,0x0,0x1,0x4001
839,0x0,0x1,0x3
840,0x0,0x0,0x4000
841,0x0,0x0,0x2
842,0x0,0x0,0x0
843,0x0,0x1,0x4001
844,0x0,0x1,0x1
845,0x0,0x1,0x1
846,0x0,0x0,0x2
847,0x0,0x0,0x2
848,0x0,0x0,0x0
849,0x0,0x1,0x4001
850,0x0,0x1,0x3
851,0x0,0x1,0x1
852,0x0,0x0,0x4000
853,0x0,0x0,0x0
854,0x0,0x0,0x0
855,0x0,0x1,0x3
856,0x0,0x1,0x3
857,0x0,0x1,0x1
858,0x0,0x0,0x4000
859,0x0,0x0,0x2
860,0x0,0x0,0x0
861,0x0,0x1,0x4001
862,0x0,0x1,0x4001
863,0x0,0x1,0x4001
864,0x0,0x0,0x0
865,0x0,0x0,0x4000
866,0x0,0x0,0x4000
867,0x0,0x1,0x1
868,0x0,0x1,0x3
869,0x0,0x1,0x1
870,0x0,0x0,0x4000
871,0x0,0x0,0x4000
872,0x0,0x0,0x4000
873,0x0,0x1,0x4001
874,0x0,0x1,0x6000
875,0x0,0x0,0x2000
876,0x0,0x0,0x2000
877,0x0,0x0,0x6000
878,0x0,0x0,0x6000
879,0x0,0x0,0x6000
880,0x0,0x0,0x6000
881,0x0,0x0,0x2002
882,0x0,0x0,0x0
883,0x0,0x0,0x0
884,0x0,0x0,0x0
885,0x0,0x1,0x3
886,0x0,0x1,0x1
887,0x0,0x1,0x4001
888,0x0,0x1,0x4001
889,0x0,0x1,0x4001
890,0x0,0x1,0x4001
891,0x0,0x1,0x3
892,0x0,0x0,0x4000
893,0x0,0x0,0x0
894,0x0,0x0,0x4000
895,0x0,0x0,0x4000
896,0x0,0x0,0x4000
897,0x0,0x0,0x4000
898,0x0,0x0,0x2
899,0x0,0x0,0x0
900,0x0,0x1,0x1
901,0x0,0x1,0x4001
902,0x0,0x1,0x4001
903,0x0,0x1,0x4001
904,0x0,0x1,0x3
905,0x0,0x1,0x1
906,0x0,0x1,0x1
907,0x0,0x1,0x3
908,0x0,0x0,0x4000
909,0x0,0x0,0x0
910,0x0,0x0,0x0
911,0x0,0x0,0x4000
912,0x0,0x0,0x4000
913,0x0,0x0,0x4000
914,0x0,0x0,0x4000
915,0x0,0x1,0x4001
916,0x0,0x1,0x3
917,0x0,0x1,0x1
918,0x0,0x1,0x1
919,0x0,0x1,0x1
920,0x0,0x1,0x4001
921,0x0,0x1,0x4001
922,0x0,0x1,0x3
923,0x0,0x0,0x4000
924,0x0,0x0,0x0
925,0x0,0x0,0x4000
926,0x0,0x0,0x4000
927,0x0,0x0,0x4000
928,0x0,0x0,0x4000
929,0x0,0x0,0x2
930,0x0,0x1,0x4001
931,0x0,0x1,0x1
932,0x0,0x1,0x1
933,0x0,0x1,0x4001
934,0x0,0x1,0x4001
935,0x0,0x1,0x4001
936,0x0,0x1,0x4001
937,0x0,0x1,0x3
938,0x0,0x0,0x0
939,0x0,0x0,0x4000
940,0x0,0x0,0x4000
941,0x0,0x0,0x4000
942,0x0,0x0,0x2
943,0x0,0x0,0x0
944,0x0,0x0,0x0
945,0x0,0x0,0x4000
946,0x0,0x1,0x4001
947,0x0,0x1,0x3
948,0x0,0x1,0x1
949,0x0,0x1,0x1
950,0x0,0x1,0x1
951,0x0,0x1,0x4001
952,0x0,0x1,0x4001
953,0x0,0x0,0x4000
954,0x0,0x0,0x2
955,0x0,0x0,0x0
956,0x0,0x0,0x0
957,0x0,0x0,0x0
958,0x0,0x0,0x4000
959,0x0,0x0,0x4000
960,0x0,0x0,0x4000
961,0x0,0x1,0x1
962,0x0,0x1,0x4001
963,0x0,0x1,0x4001
964,0x0,0x1,0x3
965,0x0,0x1,0x1
966,0x0,0x1,0x1
967,0x0,0x1,0x1
968,0x0,0x1,0x4001
969,0x0,0x0,0x4000
970,0x0,0x0,0x0
971,0x0,0x0,0x0
972,0x0,0x0,0x4000
973,0x0,0x0,0x4000
974,0x0,0x0,0x4000
975,0x0,0x0,0x4000
976,0x0,0x1,0x1
977,0x0,0x1,0x4001
978,0x0,0x1,0x4001
979,0x0,0x1,0x4001
980,0x0,0x1,0x3
981,0x0,0x1,0x1
982,0x0,0x1,0x1
983,0x0,0x1,0x1
984,0x0,0x0,0x0
985,0x0,0x0,0x4000
986,0x0,0x0,0x4000
987,0x0,0x0,0x2
988,0x0,0x0,0x0
989,0x0,0x0,0x0
990,0x0,0x0,0x0
991,0x0,0x0,0x4000
992,0x0,0x1,0x1
993,0x0,0x1,0x4001
994,0x0,0x1,0x4001
995,0x0,0x1,0x4001
996,0x0,0x1,0x3
997,0x0,0x1,0x1
998,0x0,0x1,0x1
999,0x0,0x0,0x4000
1000,0x0,0x0,0x0
1001,0x0,0x0,0x0
1002,0x0,0x0,0x4000
1003,0x0,0x0,0x4000
1004,0x0,0x0,0x4000
1005,0x0,0x0,0x4000
1006,0x0,0x0,0x2
1007,0x0,0x1,0x1
1008,0x0,0x1,0x4001
1009,0x0,0x1,0x4001
1010,0x0,0x1,0x3
1011,0x0,0x1,0x1
1012,0x0,0x1,0x1
1013,0x0,0x1,0x1
1014,0x0,0x1,0x1
1015,0x0,0x0,0x2
1016,0x0,0x0,0x0
1017,0x0,0x0,0x4000
1018,0x0,0x0,0x4000
1019,0x0,0x0,0x4000
1020,0x0,0x0,0x4000
1021,0x0,0x0,0x2
1022,0x0,0x1,0x1
1023,0x0,0x1,0x4001
1024,0x0,0x1,0x4001
1025,0x0,0x1,0x4001
1026,0x0,0x1,0x3
1027,0x0,0x1,0x1
1028,0x0,0x1,0x1
1029,0x0,0x1,0x1
1030,0x0,0x0,0x0
1031,0x0,0x0,0x4000
1032,0x0,0x0,0x4000
1033,0x0,0x0,0x4000
1034,0x0,0x0,0x2
1035,0x0,0x0,0x0
1036,0x0,0x0,0x0
1037,0x0,0x0,0x4000
1038,0x0,0x1,0x1
1039,0x0,0x1,0x4001
1040,0x0,0x1,0x4001
1041,0x0,0x1,0x3
1042,0x0,0x1,0x1
1043,0x0,0x1,0x1
1044,0x0,0x1,0x1
1045,0x0,0x0,0x4000
1046,0x0,0x0,0x0
1047,0x0,0x0,0x4000
1048,0x0,0x0,0x4000
1049,0x0,0x0,0x4000
1050,0x0,0x0,0x4000
1051,0x0,0x0,0x2
1052,0x0,0x0,0x2
1053,0x0,0x1,0x1
1054,0x0,0x1,0x4001
1055,0x0,0x1,0x4001
1056,0x0,0x1,0x3
1057,0x0,0x1,0x1
1058,0x0,0x1,0x1
1059,0x0,0x1,0x1
1060,0x0,0x0,0x4000
1061,0x0,0x0,0x0
1062,0x0,0x0,0x4000
1063,0x0,0x0,0x4000
1064,0x0,0x0,0x4000
1065,0x0,0x0,0x4000
1066,0x0,0x0,0x2
1067,0x0,0x0,0x0
1068,0x0,0x1,0x1
1069,0x0,0x1,0x4001
1070,0x0,0x1,0x4001
1071,0x0,0x1,0x3
1072,0x0,0x1,0x1
1073,0x0,0x1,0x1
1074,0x0,0x1,0x1
1075,0x0,0x1,0x4001
1076,0x0,0x0,0x0
1077,0x0,0x0,0x4000
1078,0x0,0x0,0x4000
1079,0x0,0x0,0x2
1080,0x0,0x0,0x0
1081,0x0,0x0,0x0
1082,0x0,0x0,0x0
1083,0x0,0x1,0x1
1084,0x0,0x1,0x4001
1085,0x0,0x1,0x4001
1086,0x0,0x1,0x3
1087,0x0,0x1,0x1
1088,0x0,0x1,0x1
1089,0x0,0x1,0x1
1090,0x0,0x1,0x4001
1091,0x0,0x0,0x2
1092,0x0,0x0,0x0
1093,0x0,0x0,0x4000
1094,0x0,0x0,0x4000
1095,0x0,0x0,0x4000
1096,0x0,0x0,0x4000
1097,0x0,0x0,0x2
1098,0x0,0x1,0x4001
1099,0x0,0x1,0x1
1100,0x0,0x1,0x4001
1101,0x0,0x1,0x4001
1102,0x0,0x1,0x4001
1103,0x0,0x1,0x4001
1104,0x0,0x1,0x3
1105,0x0,0x1,0x1
1106,0x0,0x0,0x4000
1107,0x0,0x1,0x2000
1108,0x0,0x0,0x2000
1109,0x0,0x0,0x2000
1110,0x0,0x0,0x2000
1111,0x0,0x0,0x6000
1112,0x0,0x0,0x6000
1113,0x0,0x0,0x6000
1114,0x0,0x0,0x6000
1115,0x0,0x0,0x2
1116,0x0,0x0,0x0
1117,0x0,0x0,0x0
1118,0x0,0x0,0x4000
1119,0x0,0x1,0x1
1120,0x0,0x1,0x4001
1121,0x0,0x1,0x3
1122,0x0,0x0,0x4000
1123,0x0,0x0,0x4000
1124,0x0,0x0,0x0
1125,0x0,0x1,0x4001
1126,0x0,0x1,0x1
1127,0x0,0x1,0x4001
1128,0x0,0x0,0x0
1129,0x0,0x0,0x0
1130,0x0,0x0,0x4000
1131,0x0,0x1,0x1
1132,0x0,0x1,0x4001
1133,0x0,0x1,0x4001
1134,0x0,0x0,0x0
1135,0x0,0x0,0x0
1136,0x0,0x0,0x0
1137,0x0,0x1,0x4001
1138,0x0,0x1,0x4003
1139,0x0,0x1,0x3
1140,0x0,0x0,0x4000
1141,0x0,0x0,0x4000
1142,0x0,0x0,0x2
1143,0x0,0x1,0x4001
1144,0x0,0x1,0x4001
1145,0x0,0x1,0x4001
1146,0x0,0x0,0x0
1147,0x0,0x0,0x4002
1148,0x0,0x0,0x4000
1149,0x0,0x1,0x1
1150,0x0,0x1,0x4001
1151,0x0,0x1,0x1
1152,0x0,0x0,0x2
1153,0x0,0x0,0x4000
1154,0x0,0x0,0x0
1155,0x0,0x1,0x3
1156,0x0,0x1,0x4001
1157,0x0,0x1,0x4001
1158,0x0,0x0,0x0
1159,0x0,0x0,0x0
1160,0x0,0x0,0x0
1161,0x0,0x1,0x3
1162,0x0,0x1,0x1
1163,0x0,0x1,0x1
1164,0x0,0x0,0x4000
1165,0x0,0x0,0x2
1166,0x0,0x0,0x2
1167,0x0,0x1,0x4001
1168,0x0,0x1,0x1
1169,0x0,0x1,0x4001
1170,0x0,0x0,0x0
1171,0x0,0x0,0x0
1172,0x0,0x0,0x4000
1173,0x0,0x1,0x1
1174,0x0,0x1,0x4001
1175,0x0,0x1,0x4001
1176,0x0,0x0,0x4000
1177,0x0,0x0,0x4000
1178,0x0,0x0,0x4000
1179,0x0,0x1,0x1
1180,0x0,0x1,0x4001
1181,0x0,0x1,0x4001
1182,0x0,0x0,0x0
1183,0x0,0x0,0x0
1184,0x0,0x0,0x2
1185,0x0,0x1,0x4001
1186,0x0,0x1,0x1
1187,0x0,0x1,0x4001
1188,0x0,0x0,0x4000
1189,0x0,0x0,0x2
1190,0x0,0x0,0x4000
1191,0x0,0x1,0x1
1192,0x0,0x1,0x4001
1193,0x0,0x1,0x4001
1194,0x0,0x0,0x0
1195,0x0,0x0,0x4000
1196,0x0,0x0,0x4000
1197,0x0,0x1,0x1
1198,0x0,0x1,0x4001
1199,0x0,0x1,0x4001
1200,0x0,0x0,0x0
1201,0x0,0x0,0x0
1202,0x0,0x0,0x0
1203,0x0,0x1,0x4001
1204,0x0,0x1,0x1
1205,0x0,0x1,0x1
1206,0x0,0x0,0x2
1207,0x0,0x0,0x4000
1208,0x0,0x0,0x4000
1209,0x0,0x1,0x4001
1210,0x0,0x1,0x4001
1211,0x0,0x1,0x4001
1212,0x0,0x0,0x0
1213,0x0,0x0,0x2
1214,0x0,0x0,0x0
1215,0x0,0x1,0x4001
1216,0x0,0x1,0x3
1217,0x0,0x1,0x4001
1218,0x0,0x0,0x0
1219,0x0,0x0,0x2
1220,0x0,0x0,0x4000
1221,0x0,0x1,0x4001
1222,0x0,0x1,0x4001
1223,0x0,0x1,0x4001
1224,0x0,0x0,0x0
1225,0x0,0x0,0x4000
1226,0x0,0x0,0x4000
1227,0x0,0x1,0x1
1228,0x0,0x1,0x4001
1229,0x0,0x1,0x1
1230,0x0,0x0,0x2
1231,0x0,0x0,0x2
1232,0x0,0x0,0x0
1233,0x0,0x1,0x3
1234,0x0,0x0,0x4000
1235,0x0,0x1,0x2001
1236,0x0,0x1,0x6000
1237,0x0,0x1,0x6000
1238,0x0,0x1,0x6000
1239,0x0,0x1,0x6000
1240,0x0,0x1,0x2002
1241,0x0,0x1,0x2000
1242,0x0,0x1,0x2000
1243,0x0,0x1,0x2000
1244,0x0,0x1,0x6000
1245,0x0,0x1,0x6000
1246,0x0,0x1,0x6000
1247,0x0,0x1,0x6000
1248,0x0,0x1,0x2002
1249,0x0,0x1,0x2000
1250,0x0,0x1,0x2000
1251,0x0,0x1,0x2000
1252,0x0,0x1,0x6000
1253,0x0,0x1,0x4000
1254,0x0,0x1,0x4000
1255,0x0,0x1,0x4000
1256,0x0,0x1,0x2
1257,0x0,0x1,0x4000
1258,0x0,0x1,0x4000
1259,0x1,0x0,0x0
1260,0x1,0x0,0x4000
1261,0x1,0x0,0x2
1262,0x2,0x1,0x1
1263,0x2,0x1,0x4001
1264,0x2,0x1,0x3
1265,0x2,0x0,0x0
1266,0x2,0x0,0x4000
1267,0x2,0x0,0x2
1268,0x2,0x1,0x1
1269,0x2,0x1,0x4001
1270,0x2,0x1,0x3
1271,0x2,0x0,0x0
1272,0x2,0x0,0x4000
1273,0x2,0x0,0x2
1274,0x2,0x1,0x1
1275,0x2,0x1,0x4001
1276,0x2,0x1,0x4001
1277,0x2,0x0,0x0
1278,0x2,0x0,0x4000
1279,0x2,0x0,0x2
1280,0x2,0x1,0x1
1281,0x2,0x1,0x4001
1282,0x2,0x1,0x3
1283,0x2,0x0,0x0
1284,0x2,0x0,0x4000
1285,0x2,0x0,0x2
1286,0x2,0x1,0x1
1287,0x2,0x1,0x4001
1288,0x2,0x1,0x4003
1289,0x2,0x0,0x0
1290,0x2,0x0,0x4000
1291,0x2,0x0,0x2
1292,0x2,0x1,0x1
1293,0x2,0x1,0x4001
1294,0x2,0x1,0x1
1295,0x2,0x0,0x0
1296,0x2,0x0,0x4000
1297,0x2,0x0,0x2
1298,0x2,0x1,0x1
1299,0x2,0x1,0x4001
1300,0x2,0x1,0x1
1301,0x2,0x0,0x0
1302,0x2,0x0,0x4000
1303,0x2,0x0,0x2
1304,0x2,0x1,0x1
1305,0x2,0x1,0x4001
1306,0x2,0x1,0x1
1307,0x2,0x0,0x0
1308,0x2,0x0,0x4000
1309,0x2,0x0,0x2
1310,0x2,0x1,0x1
1311,0x2,0x1,0x4001
1312,0x2,0x1,0x1
1313,0x2,0x0,0x0
1314,0x2,0x0,0x4000
1315,0x2,0x0,0x2
1316,0x2,0x1,0x1
1317,0x2,0x1,0x4001
1318,0x2,0x1,0x4001
1319,0x2,0x0,0x0
1320,0x2,0x0,0x4000
1321,0x2,0x0,0x4000
1322,0x2,0x1,0x1
1323,0x2,0x1,0x4001
1324,0x2,0x1,0x4001
1325,0x2,0x0,0x0
1326,0x2,0x0,0x4000
1327,0x2,0x0,0x2
1328,0x2,0x1,0x1
1329,0x2,0x1,0x4001
1330,0x2,0x1,0x1
1331,0x2,0x0,0x0
1332,0x2,0x0,0x4000
1333,0x2,0x0,0x2
1334,0x2,0x1,0x1
1335,0x2,0x1,0x4001
1336,0x2,0x1,0x4001
1337,0x2,0x0,0x0
1338,0x2,0x0,0x4000
1339,0x2,0x0,0x0
