frame,msh2_cycles,ssh2_cycles,comm7_before,comm7_after,is_32x
2,0,0,0x0000,0x0000,1
3,304988,92,0x0000,0x0000,1
4,130383,176453,0x0000,0x0000,1
5,0,306625,0x0000,0x0000,1
6,0,306630,0x0000,0x0000,1
7,0,306630,0x0000,0x0000,1
8,0,306630,0x0000,0x0000,1
9,0,306630,0x0000,0x0000,1
10,0,306630,0x0000,0x0000,1
11,0,306630,0x0000,0x0000,1
12,41616,306625,0x0000,0x0000,1
13,306170,306625,0x0000,0x0000,1
14,306178,306630,0x0000,0x0000,1
15,306178,306630,0x0000,0x0000,1
16,306178,306630,0x0000,0x0000,1
17,306178,306630,0x0000,0x0000,1
18,306176,306630,0x0000,0x0000,1
19,306170,306630,0x0000,0x0000,1
20,306170,306630,0x0000,0x0000,1
21,306178,306630,0x0000,0x0000,1
22,306178,306630,0x0000,0x0000,1
23,306170,306630,0x0000,0x0000,1
24,306170,306630,0x0000,0x0000,1
25,306170,306630,0x0000,0x0000,1
26,306162,306630,0x0000,0x0000,1
27,306178,306630,0x0000,0x0000,1
28,306178,306630,0x0000,0x0000,1
29,306178,306630,0x0000,0x0000,1
30,306178,306630,0x0000,0x0000,1
31,306176,306630,0x0000,0x0000,1
32,306170,306630,0x0000,0x0000,1
33,306170,306630,0x0000,0x0000,1
34,306178,306630,0x0000,0x0000,1
35,306178,306630,0x0000,0x0000,1
36,306178,306630,0x0000,0x0000,1
37,306162,306630,0x0000,0x0000,1
38,306170,306630,0x0000,0x0000,1
39,306162,306630,0x0000,0x0000,1
40,306178,306630,0x0000,0x0000,1
41,306178,306630,0x0000,0x0000,1
42,306178,306630,0x0000,0x0000,1
43,306178,306630,0x0000,0x0000,1
44,306176,306630,0x0000,0x0000,1
45,306170,306630,0x0000,0x0000,1
46,306170,306630,0x0000,0x0000,1
47,306178,306630,0x0000,0x0000,1
48,306170,306630,0x0000,0x0000,1
49,306178,306630,0x0000,0x0000,1
50,306162,306630,0x0000,0x0000,1
51,306170,306630,0x0000,0x0000,1
52,306162,306630,0x0000,0x0000,1
53,306170,306630,0x0000,0x0000,1
54,306178,306630,0x0000,0x0000,1
55,306178,306630,0x0000,0x0000,1
56,306178,306630,0x0000,0x0000,1
57,306174,306630,0x0000,0x0000,1
58,306172,306630,0x0000,0x0000,1
59,306170,306630,0x0000,0x0000,1
60,306170,306630,0x0000,0x0000,1
61,306178,306630,0x0000,0x0000,1
62,306178,306630,0x0000,0x0000,1
63,306170,306630,0x0000,0x0000,1
64,306162,306630,0x0000,0x0000,1
65,306170,306630,0x0000,0x0000,1
66,306170,306630,0x0000,0x0000,1
67,306178,306630,0x0000,0x0000,1
68,306178,306630,0x0000,0x0000,1
69,306178,306630,0x0000,0x0000,1
70,306178,306630,0x0000,0x0000,1
71,306176,306630,0x0000,0x0000,1
72,306170,306630,0x0000,0x0000,1
73,306170,306630,0x0000,0x0000,1
74,306178,306630,0x0000,0x0000,1
75,306178,306630,0x0000,0x0000,1
76,306178,306630,0x0000,0x0000,1
77,306162,306630,0x0000,0x0000,1
78,306170,306630,0x0000,0x0000,1
79,306162,306630,0x0000,0x0000,1
80,306178,306630,0x0000,0x0000,1
81,306178,306630,0x0000,0x0000,1
82,306178,306630,0x0000,0x0000,1
83,306178,306630,0x0000,0x0000,1
84,306176,306630,0x0000,0x0000,1
85,306170,306630,0x0000,0x0000,1
86,306170,306630,0x0000,0x0000,1
87,306178,306630,0x0000,0x0000,1
88,306178,306630,0x0000,0x0000,1
89,306170,306630,0x0000,0x0000,1
90,306170,306630,0x0000,0x0000,1
91,306170,306630,0x0000,0x0000,1
92,306162,306630,0x0000,0x0000,1
93,306178,306630,0x0000,0x0000,1
94,306178,306630,0x0000,0x0000,1
95,306178,306630,0x0000,0x0000,1
96,306178,306630,0x0000,0x0000,1
97,306176,306630,0x0000,0x0000,1
98,306170,306630,0x0000,0x0000,1
99,306170,306630,0x0000,0x0000,1
100,306178,306630,0x0000,0x0000,1
101,306170,306630,0x0000,0x0000,1
102,306178,306630,0x0000,0x0000,1
103,306162,306630,0x0000,0x0000,1
104,306170,306630,0x0000,0x0000,1
105,306162,306630,0x0000,0x0000,1
106,306170,306630,0x0000,0x0000,1
107,306178,306630,0x0000,0x0000,1
108,306178,306630,0x0000,0x0000,1
109,306178,306630,0x0000,0x0000,1
110,306176,306630,0x0000,0x0000,1
111,306170,306630,0x0000,0x0000,1
112,306170,306630,0x0000,0x0000,1
113,306170,306630,0x0000,0x0000,1
114,306178,306630,0x0000,0x0000,1
115,306170,306630,0x0000,0x0000,1
116,306170,306630,0x0000,0x0000,1
117,306162,306630,0x0000,0x0000,1
118,306178,306630,0x0000,0x0000,1
119,306162,306630,0x0000,0x0000,1
120,306178,306620,0x0000,0x0000,1
121,306178,306630,0x0000,0x0000,1
122,306178,306630,0x0000,0x0000,1
123,306178,306630,0x0000,0x0000,1
124,306176,306630,0x0000,0x0000,1
125,306170,306630,0x0000,0x0000,1
126,306170,306630,0x0000,0x0000,1
127,306178,306630,0x0000,0x0000,1
128,306170,306630,0x0000,0x0000,1
129,306170,306630,0x0000,0x0000,1
130,306162,306634,0x0000,0x0000,1
131,306170,306626,0x0000,0x0000,1
132,306162,306630,0x0000,0x0000,1
133,306178,306630,0x0000,0x0000,1
134,306178,306630,0x0000,0x0000,1
135,306178,306630,0x0000,0x0000,1
136,306178,306630,0x0000,0x0000,1
137,306176,306630,0x0000,0x0000,1
138,306170,306630,0x0000,0x0000,1
139,306170,306630,0x0000,0x0000,1
140,306178,306630,0x0000,0x0000,1
141,306178,306634,0x0000,0x0000,1
142,306170,306626,0x0000,0x0000,1
143,306170,306630,0x0000,0x0000,1
144,306162,306630,0x0000,0x0000,1
145,306170,306630,0x0000,0x0000,1
146,306178,306630,0x0000,0x0000,1
147,306178,306630,0x0000,0x0000,1
148,306178,306630,0x0000,0x0000,1
149,306178,306630,0x0000,0x0000,1
150,306176,306630,0x0000,0x0000,1
151,306170,306630,0x0000,0x0000,1
152,306170,306634,0x0000,0x0000,1
153,306178,306626,0x0000,0x0000,1
154,306170,306630,0x0000,0x0000,1
155,306178,306630,0x0000,0x0000,1
156,306162,306630,0x0000,0x0000,1
157,306170,306630,0x0000,0x0000,1
158,306162,306630,0x0000,0x0000,1
159,306178,306630,0x0000,0x0000,1
160,306178,306630,0x0000,0x0000,1
161,306178,306630,0x0000,0x0000,1
162,306178,306630,0x0000,0x0000,1
163,306176,306634,0x0000,0x0000,1
164,306170,306626,0x0000,0x0000,1
165,298643,306630,0x0000,0x0000,1
166,0,306630,0x0000,0x0000,1
167,0,306630,0x0000,0x0000,1
168,0,306630,0x0000,0x0000,1
169,0,306630,0x0000,0x0000,1
170,0,306630,0x0000,0x0000,1
171,0,306630,0x0000,0x0000,1
172,0,306630,0x0000,0x0000,1
173,0,306630,0x0000,0x0000,1
174,0,306634,0x0000,0x0000,1
175,0,306626,0x0000,0x0000,1
176,0,306630,0x0000,0x0000,1
177,0,306630,0x0000,0x0000,1
178,0,306630,0x0000,0x0000,1
179,0,306630,0x0000,0x0000,1
180,0,306630,0x0000,0x0000,1
181,0,306630,0x0000,0x0000,1
182,0,306630,0x0000,0x0000,1
183,0,306630,0x0000,0x0000,1
184,0,306630,0x0000,0x0000,1
185,0,306634,0x0000,0x0000,1
186,0,306626,0x0000,0x0000,1
187,0,306630,0x0000,0x0000,1
188,0,306630,0x0000,0x0000,1
189,0,306630,0x0000,0x0000,1
190,0,306630,0x0000,0x0000,1
191,0,306630,0x0000,0x0000,1
192,0,306630,0x0000,0x0000,1
193,0,306630,0x0000,0x0000,1
194,0,306630,0x0000,0x0000,1
195,0,306630,0x0000,0x0000,1
196,0,306634,0x0000,0x0000,1
197,0,306626,0x0000,0x0000,1
198,0,306630,0x0000,0x0000,1
199,0,306630,0x0000,0x0000,1
200,0,306630,0x0000,0x0000,1
201,0,306630,0x0000,0x0000,1
202,0,306630,0x0000,0x0000,1
203,0,306630,0x0000,0x0000,1
204,0,306630,0x0000,0x0000,1
205,0,306630,0x0000,0x0000,1
206,0,306630,0x0000,0x0000,1
207,0,306634,0x0000,0x0000,1
208,0,306626,0x0000,0x0000,1
209,0,306630,0x0000,0x0000,1
210,0,306630,0x0000,0x0000,1
211,0,306630,0x0000,0x0000,1
212,0,306630,0x0000,0x0000,1
213,0,306630,0x0000,0x0000,1
214,0,306630,0x0000,0x0000,1
215,0,306630,0x0000,0x0000,1
216,0,306630,0x0000,0x0000,1
217,0,306630,0x0000,0x0000,1
218,0,306634,0x0000,0x0000,1
219,0,306626,0x0000,0x0000,1
220,0,306630,0x0000,0x0000,1
221,0,306630,0x0000,0x0000,1
222,0,306630,0x0000,0x0000,1
223,0,306630,0x0000,0x0000,1
224,0,306630,0x0000,0x0000,1
225,0,306630,0x0000,0x0000,1
226,0,306630,0x0000,0x0000,1
227,0,306630,0x0000,0x0000,1
228,0,306630,0x0000,0x0000,1
229,0,306634,0x0000,0x0000,1
230,0,306626,0x0000,0x0000,1
231,0,306630,0x0000,0x0000,1
232,0,306630,0x0000,0x0000,1
233,0,306630,0x0000,0x0000,1
234,0,306630,0x0000,0x0000,1
235,0,306630,0x0000,0x0000,1
236,0,306630,0x0000,0x0000,1
237,0,306630,0x0000,0x0000,1
238,0,306630,0x0000,0x0000,1
239,0,306630,0x0000,0x0000,1
240,0,306634,0x0000,0x0000,1
241,0,306626,0x0000,0x0000,1
242,0,306630,0x0000,0x0000,1
243,0,306630,0x0000,0x0000,1
244,0,306630,0x0000,0x0000,1
245,0,306630,0x0000,0x0000,1
246,0,306630,0x0000,0x0000,1
247,0,306630,0x0000,0x0000,1
248,0,306630,0x0000,0x0000,1
249,0,306630,0x0000,0x0000,1
250,0,306630,0x0000,0x0000,1
251,0,306634,0x0000,0x0000,1
252,0,306626,0x0000,0x0000,1
253,0,306630,0x0000,0x0000,1
254,0,306630,0x0000,0x0000,1
255,0,306630,0x0000,0x0000,1
256,0,306630,0x0000,0x0000,1
257,0,306630,0x0000,0x0000,1
258,0,306630,0x0000,0x0000,1
259,0,306630,0x0000,0x0000,1
260,0,306630,0x0000,0x0000,1
261,0,306630,0x0000,0x0000,1
262,0,306634,0x0000,0x0000,1
263,0,306626,0x0000,0x0000,1
264,0,306630,0x0000,0x0000,1
265,0,306630,0x0000,0x0000,1
266,0,306630,0x0000,0x0000,1
267,0,306630,0x0000,0x0000,1
268,0,306630,0x0000,0x0000,1
269,0,306630,0x0000,0x0000,1
270,0,306630,0x0000,0x0000,1
271,0,306630,0x0000,0x0000,1
272,0,306630,0x0000,0x0000,1
273,0,306634,0x0000,0x0000,1
274,0,306626,0x0000,0x0000,1
275,0,306630,0x0000,0x0000,1
276,0,306630,0x0000,0x0000,1
277,0,306630,0x0000,0x0000,1
278,0,306630,0x0000,0x0000,1
279,0,306630,0x0000,0x0000,1
280,0,306630,0x0000,0x0000,1
281,0,306630,0x0000,0x0000,1
282,0,306630,0x0000,0x0000,1
283,0,306630,0x0000,0x0000,1
284,0,306634,0x0000,0x0000,1
285,0,306626,0x0000,0x0000,1
286,0,306630,0x0000,0x0000,1
287,0,306630,0x0000,0x0000,1
288,0,306630,0x0000,0x0000,1
289,0,306630,0x0000,0x0000,1
290,0,306630,0x0000,0x0000,1
291,0,306630,0x0000,0x0000,1
292,0,306630,0x0000,0x0000,1
293,0,306630,0x0000,0x0000,1
294,0,306630,0x0000,0x0000,1
295,0,306634,0x0000,0x0000,1
296,0,306626,0x0000,0x0000,1
297,0,306630,0x0000,0x0000,1
298,0,306630,0x0000,0x0000,1
299,0,306630,0x0000,0x0000,1
300,0,306630,0x0000,0x0000,1
301,0,306630,0x0000,0x0000,1
302,0,306630,0x0000,0x0000,1
303,0,306630,0x0000,0x0000,1
304,0,306630,0x0000,0x0000,1
305,0,306630,0x0000,0x0000,1
306,0,306634,0x0000,0x0000,1
307,0,306626,0x0000,0x0000,1
308,0,306630,0x0000,0x0000,1
309,0,306630,0x0000,0x0000,1
310,0,306630,0x0000,0x0000,1
311,0,306630,0x0000,0x0000,1
312,0,306630,0x0000,0x0000,1
313,0,306630,0x0000,0x0000,1
314,0,306630,0x0000,0x0000,1
315,0,306630,0x0000,0x0000,1
316,0,306630,0x0000,0x0000,1
317,0,306634,0x0000,0x0000,1
318,0,306626,0x0000,0x0000,1
319,0,306630,0x0000,0x0000,1
320,0,306630,0x0000,0x0000,1
321,0,306630,0x0000,0x0000,1
322,0,306630,0x0000,0x0000,1
323,0,306630,0x0000,0x0000,1
324,0,306630,0x0000,0x0000,1
325,0,306630,0x0000,0x0000,1
326,0,306630,0x0000,0x0000,1
327,0,306630,0x0000,0x0000,1
328,0,306634,0x0000,0x0000,1
329,0,306626,0x0000,0x0000,1
330,0,306630,0x0000,0x0000,1
331,0,306630,0x0000,0x0000,1
332,0,306630,0x0000,0x0000,1
333,0,306630,0x0000,0x0000,1
334,0,306630,0x0000,0x0000,1
335,0,306630,0x0000,0x0000,1
336,0,306630,0x0000,0x0000,1
337,0,306630,0x0000,0x0000,1
338,0,306630,0x0000,0x0000,1
339,0,306634,0x0000,0x0000,1
340,0,306626,0x0000,0x0000,1
341,0,306630,0x0000,0x0000,1
342,0,306630,0x0000,0x0000,1
343,0,306630,0x0000,0x0000,1
344,0,306630,0x0000,0x0000,1
345,0,306630,0x0000,0x0000,1
346,0,306630,0x0000,0x0000,1
347,0,306630,0x0000,0x0000,1
348,0,306630,0x0000,0x0000,1
349,0,306630,0x0000,0x0000,1
350,0,306634,0x0000,0x0000,1
351,0,306626,0x0000,0x0000,1
352,0,306630,0x0000,0x0000,1
353,0,306630,0x0000,0x0000,1
354,0,306630,0x0000,0x0000,1
355,0,306630,0x0000,0x0000,1
356,0,306630,0x0000,0x0000,1
357,0,306630,0x0000,0x0000,1
358,0,306630,0x0000,0x0000,1
359,0,306630,0x0000,0x0000,1
360,0,306630,0x0000,0x0000,1
361,0,306634,0x0000,0x0000,1
362,0,306626,0x0000,0x0000,1
363,0,306630,0x0000,0x0000,1
364,0,306630,0x0000,0x0000,1
365,0,306630,0x0000,0x0000,1
366,0,306630,0x0000,0x0000,1
367,0,306630,0x0000,0x0000,1
368,0,306630,0x0000,0x0000,1
369,0,306630,0x0000,0x0000,1
370,0,306630,0x0000,0x0000,1
371,0,306630,0x0000,0x0000,1
372,0,306634,0x0000,0x0000,1
373,0,306626,0x0000,0x0000,1
374,80,306630,0x0000,0x0000,1
375,0,306630,0x0000,0x0000,1
376,0,306630,0x0000,0x0000,1
377,192220,306630,0x0000,0x0000,1
378,0,306630,0x0000,0x0000,1
379,0,306630,0x0000,0x0000,1
380,0,306630,0x0000,0x0000,1
381,0,306630,0x0000,0x0000,1
382,0,306630,0x0000,0x0000,1
383,0,306634,0x0000,0x0000,1
384,0,306626,0x0000,0x0000,1
385,0,306630,0x0000,0x0000,1
386,0,306630,0x0000,0x0000,1
387,0,306630,0x0000,0x0000,1
388,0,306630,0x0000,0x0000,1
389,0,306630,0x0000,0x0000,1
390,0,306630,0x0000,0x0000,1
391,0,306630,0x0000,0x0000,1
392,0,306630,0x0000,0x0000,1
393,0,306630,0x0000,0x0000,1
394,80,306620,0x0000,0x0000,1
395,0,306635,0x0000,0x0000,1
396,3696,305875,0x0000,0x0000,1
397,49175,306420,0x0000,0x0000,1
398,0,306630,0x0000,0x0000,1
399,2164,305890,0x0000,0x0000,1
400,286100,305852,0x0000,0x0000,1
401,76669,283320,0x0000,0x0000,1
402,2128,305915,0x0000,0x0000,1
403,285756,305836,0x0000,0x0000,1
404,77368,283338,0x0000,0x0000,1
405,2124,305910,0x0000,0x0000,1
406,286112,305803,0x0000,0x0000,1
407,77460,283360,0x0000,0x0000,1
408,2152,305890,0x0000,0x0000,1
409,286129,305811,0x0000,0x0000,1
410,79441,283107,0x0000,0x0000,1
411,2160,305890,0x0000,0x0000,1
412,286061,305841,0x0000,0x0000,1
413,82140,282945,0x0000,0x0000,1
414,2132,305925,0x0000,0x0000,1
415,286453,305834,0x0000,0x0000,1
416,81471,282981,0x0000,0x0000,1
417,2132,305920,0x0000,0x0000,1
418,285990,305831,0x0000,0x0000,1
419,83025,282937,0x0000,0x0000,1
420,2164,305895,0x0000,0x0000,1
421,286147,305851,0x0000,0x0000,1
422,85378,282681,0x0000,0x0000,1
423,2160,305895,0x0000,0x0000,1
424,286388,305854,0x0000,0x0000,1
425,85978,282670,0x0000,0x0000,1
426,2128,305920,0x0000,0x0000,1
427,286407,305812,0x0000,0x0000,1
428,87502,282833,0x0000,0x0000,1
429,2124,305920,0x0000,0x0000,1
430,286365,305835,0x0000,0x0000,1
431,84352,282520,0x0000,0x0000,1
432,2128,305900,0x0000,0x0000,1
433,286386,305920,0x0000,0x0000,1
434,86713,282337,0x0000,0x0000,1
435,2132,305915,0x0000,0x0000,1
436,286116,305861,0x0000,0x0000,1
437,86294,282207,0x0000,0x0000,1
438,2132,305915,0x0000,0x0000,1
439,286057,305868,0x0000,0x0000,1
440,83369,282324,0x0000,0x0000,1
441,2132,305925,0x0000,0x0000,1
442,286037,305850,0x0000,0x0000,1
443,84027,282069,0x0000,0x0000,1
444,2152,305895,0x0000,0x0000,1
445,286069,305906,0x0000,0x0000,1
446,80213,282069,0x0000,0x0000,1
447,2132,305925,0x0000,0x0000,1
448,286083,305918,0x0000,0x0000,1
449,82383,281839,0x0000,0x0000,1
450,2124,305915,0x0000,0x0000,1
451,286086,305971,0x0000,0x0000,1
452,82008,281712,0x0000,0x0000,1
453,2132,305895,0x0000,0x0000,1
454,286126,305976,0x0000,0x0000,1
455,83073,281610,0x0000,0x0000,1
456,2132,305910,0x0000,0x0000,1
457,286402,305988,0x0000,0x0000,1
458,83425,281474,0x0000,0x0000,1
459,2164,305895,0x0000,0x0000,1
460,286394,305935,0x0000,0x0000,1
461,79307,281278,0x0000,0x0000,1
462,2132,305935,0x0000,0x0000,1
463,286556,305957,0x0000,0x0000,1
464,80341,281170,0x0000,0x0000,1
465,2132,305910,0x0000,0x0000,1
466,286408,305986,0x0000,0x0000,1
467,78966,281068,0x0000,0x0000,1
468,2152,305905,0x0000,0x0000,1
469,286442,306029,0x0000,0x0000,1
470,79981,280990,0x0000,0x0000,1
471,2132,305930,0x0000,0x0000,1
472,286561,305898,0x0000,0x0000,1
473,81087,280965,0x0000,0x0000,1
474,2128,305915,0x0000,0x0000,1
475,272797,305740,0x0000,0x0000,1
476,69060,281124,0x0000,0x0000,1
477,2132,305915,0x0000,0x0000,1
478,274011,305691,0x0000,0x0000,1
479,64264,280928,0x0000,0x0000,1
480,2128,305900,0x0000,0x0000,1
481,278655,305553,0x0000,0x0000,1
482,54792,281025,0x0000,0x0000,1
483,2164,305895,0x0000,0x0000,1
484,278369,305608,0x0000,0x0000,1
485,55817,280861,0x0000,0x0000,1
486,2132,305925,0x0000,0x0000,1
487,278595,305307,0x0000,0x0000,1
488,66349,281579,0x0000,0x0000,1
489,2128,305920,0x0000,0x0000,1
490,278131,305515,0x0000,0x0000,1
491,76356,281838,0x0000,0x0000,1
492,2128,305910,0x0000,0x0000,1
493,278514,305342,0x0000,0x0000,1
494,80704,283081,0x0000,0x0000,1
495,2160,305890,0x0000,0x0000,1
496,277841,305188,0x0000,0x0000,1
497,93108,284293,0x0000,0x0000,1
498,2152,305894,0x0000,0x0000,1
499,277276,305296,0x0000,0x0000,1
500,111335,286021,0x0000,0x0000,1
501,2132,305925,0x0000,0x0000,1
502,278194,305390,0x0000,0x0000,1
503,130990,288274,0x0000,0x0000,1
504,2128,305915,0x0000,0x0000,1
505,277844,305535,0x0000,0x0000,1
506,162820,290971,0x0000,0x0000,1
507,2591,305900,0x0000,0x0000,1
508,276774,305584,0x0000,0x0000,1
509,198329,294681,0x0000,0x0000,1
510,2591,305915,0x0000,0x0000,1
511,276473,305708,0x0000,0x0000,1
512,233721,298511,0x0000,0x0000,1
513,2583,305890,0x0000,0x0000,1
514,276451,305006,0x0000,0x0000,1
515,271130,303452,0x0000,0x0000,1
516,2583,305910,0x0000,0x0000,1
517,306410,306370,0x0000,0x0000,1
518,22191,306635,0x0000,0x0000,1
519,2591,305900,0x0000,0x0000,1
520,306403,306365,0x0000,0x0000,1
521,22195,306630,0x0000,0x0000,1
522,2583,305915,0x0000,0x0000,1
523,306407,306375,0x0000,0x0000,1
524,22191,306620,0x0000,0x0000,1
525,2583,305910,0x0000,0x0000,1
526,306411,306380,0x0000,0x0000,1
527,22187,306630,0x0000,0x0000,1
528,2583,305910,0x0000,0x0000,1
529,306407,306370,0x0000,0x0000,1
530,22191,306620,0x0000,0x0000,1
531,2583,305910,0x0000,0x0000,1
532,306411,306380,0x0000,0x0000,1
533,22187,306630,0x0000,0x0000,1
534,2124,305925,0x0000,0x0000,1
535,306422,306375,0x0000,0x0000,1
536,22635,306630,0x0000,0x0000,1
537,2164,305895,0x0000,0x0000,1
538,306448,306395,0x0000,0x0000,1
539,22569,306630,0x0000,0x0000,1
540,2124,305905,0x0000,0x0000,1
541,306429,306385,0x0000,0x0000,1
542,20229,306630,0x0000,0x0000,1
543,2124,305910,0x0000,0x0000,1
544,306425,306390,0x0000,0x0000,1
545,20233,306630,0x0000,0x0000,1
546,2128,305920,0x0000,0x0000,1
547,306421,306370,0x0000,0x0000,1
548,20233,306630,0x0000,0x0000,1
549,2152,305895,0x0000,0x0000,1
550,306445,306405,0x0000,0x0000,1
551,20185,306630,0x0000,0x0000,1
552,2128,305910,0x0000,0x0000,1
553,306421,306380,0x0000,0x0000,1
554,20233,306630,0x0000,0x0000,1
555,2124,305925,0x0000,0x0000,1
556,306425,306385,0x0000,0x0000,1
557,20233,306624,0x0000,0x0000,1
558,2128,305910,0x0000,0x0000,1
559,306421,306376,0x0000,0x0000,1
560,20233,306630,0x0000,0x0000,1
561,2587,305905,0x0000,0x0000,1
562,306406,306379,0x0000,0x0000,1
563,19789,306626,0x0000,0x0000,1
564,1888,305900,0x0000,0x0000,1
565,306444,306400,0x0000,0x0000,1
566,22849,306630,0x0000,0x0000,1
567,1924,305900,0x0000,0x0000,1
568,306438,306400,0x0000,0x0000,1
569,22819,306630,0x0000,0x0000,1
570,1888,305900,0x0000,0x0000,1
571,306444,306400,0x0000,0x0000,1
572,22849,306630,0x0000,0x0000,1
573,1884,305905,0x0000,0x0000,1
574,306448,306395,0x0000,0x0000,1
575,22849,306630,0x0000,0x0000,1
576,1944,305890,0x0000,0x0000,1
577,306440,306405,0x0000,0x0000,1
578,22797,306625,0x0000,0x0000,1
579,1888,305895,0x0000,0x0000,1
580,306444,306405,0x0000,0x0000,1
581,22849,306630,0x0000,0x0000,1
582,1888,305900,0x0000,0x0000,1
583,306444,306400,0x0000,0x0000,1
584,22849,306630,0x0000,0x0000,1
585,1868,305905,0x0000,0x0000,1
586,306440,306405,0x0000,0x0000,1
587,22873,306630,0x0000,0x0000,1
588,1924,305900,0x0000,0x0000,1
589,306437,306400,0x0000,0x0000,1
590,20421,306630,0x0000,0x0000,1
591,1888,305895,0x0000,0x0000,1
592,306437,306405,0x0000,0x0000,1
593,20457,306630,0x0000,0x0000,1
594,1944,305895,0x0000,0x0000,1
595,306439,306409,0x0000,0x0000,1
596,20399,306626,0x0000,0x0000,1
597,1888,305895,0x0000,0x0000,1
598,306437,306395,0x0000,0x0000,1
599,20457,306630,0x0000,0x0000,1
600,1888,305905,0x0000,0x0000,1
601,306437,306395,0x0000,0x0000,1
602,20457,306630,0x0000,0x0000,1
603,1876,305905,0x0000,0x0000,1
604,306437,306405,0x0000,0x0000,1
605,20469,306630,0x0000,0x0000,1
606,1924,305900,0x0000,0x0000,1
607,306437,306400,0x0000,0x0000,1
608,20421,306630,0x0000,0x0000,1
609,1888,305895,0x0000,0x0000,1
610,306437,306405,0x0000,0x0000,1
611,20457,306630,0x0000,0x0000,1
612,1940,305895,0x0000,0x0000,1
613,306444,306405,0x0000,0x0000,1
614,22797,306634,0x0000,0x0000,1
615,1888,305896,0x0000,0x0000,1
616,306444,306400,0x0000,0x0000,1
617,22849,306630,0x0000,0x0000,1
618,1888,305900,0x0000,0x0000,1
619,306444,306400,0x0000,0x0000,1
620,22849,306630,0x0000,0x0000,1
621,1888,305900,0x0000,0x0000,1
622,306444,306400,0x0000,0x0000,1
623,22849,306630,0x0000,0x0000,1
624,1924,305910,0x0000,0x0000,1
625,306444,306400,0x0000,0x0000,1
626,22813,306630,0x0000,0x0000,1
627,1888,305890,0x0000,0x0000,1
628,306444,306404,0x0000,0x0000,1
629,22849,306621,0x0000,0x0000,1
630,1944,305890,0x0000,0x0000,1
631,306440,306405,0x0000,0x0000,1
632,22797,306630,0x0000,0x0000,1
633,1888,305900,0x0000,0x0000,1
634,306444,306400,0x0000,0x0000,1
635,22849,306630,0x0000,0x0000,1
636,1888,305905,0x0000,0x0000,1
637,306437,306405,0x0000,0x0000,1
638,20457,306630,0x0000,0x0000,1
639,1884,305905,0x0000,0x0000,1
640,306441,306395,0x0000,0x0000,1
641,20457,306630,0x0000,0x0000,1
642,1924,305900,0x0000,0x0000,1
643,306437,306410,0x0000,0x0000,1
644,20421,306630,0x0000,0x0000,1
645,1884,305885,0x0000,0x0000,1
646,306441,306405,0x0000,0x0000,1
647,20457,306634,0x0000,0x0000,1
648,1944,305891,0x0000,0x0000,1
649,306439,306395,0x0000,0x0000,1
650,20399,306630,0x0000,0x0000,1
651,1884,305900,0x0000,0x0000,1
652,306441,306400,0x0000,0x0000,1
653,20457,306630,0x0000,0x0000,1
654,1888,305895,0x0000,0x0000,1
655,306437,306405,0x0000,0x0000,1
656,20457,306630,0x0000,0x0000,1
657,1888,305905,0x0000,0x0000,1
658,306437,306405,0x0000,0x0000,1
659,20457,306630,0x0000,0x0000,1
660,1924,305905,0x0000,0x0000,1
661,306444,306405,0x0000,0x0000,1
662,22813,306630,0x0000,0x0000,1
663,1888,305890,0x0000,0x0000,1
664,306444,306400,0x0000,0x0000,1
665,22849,306630,0x0000,0x0000,1
666,1944,305895,0x0000,0x0000,1
667,306440,306405,0x0000,0x0000,1
668,22797,306630,0x0000,0x0000,1
669,1888,305900,0x0000,0x0000,1
670,306444,306410,0x0000,0x0000,1
671,22849,306630,0x0000,0x0000,1
672,1888,305905,0x0000,0x0000,1
673,306444,306395,0x0000,0x0000,1
674,22849,306630,0x0000,0x0000,1
675,2583,305905,0x0000,0x0000,1
676,306411,306380,0x0000,0x0000,1
677,22187,306615,0x0000,0x0000,1
678,2583,305905,0x0000,0x0000,1
679,306407,306365,0x0000,0x0000,1
680,22191,306630,0x0000,0x0000,1
681,2583,305900,0x0000,0x0000,1
682,306411,306370,0x0000,0x0000,1
683,22187,306630,0x0000,0x0000,1
684,2583,305925,0x0000,0x0000,1
685,306410,306375,0x0000,0x0000,1
686,19789,306630,0x0000,0x0000,1
687,2583,305915,0x0000,0x0000,1
688,306410,306375,0x0000,0x0000,1
689,19789,306630,0x0000,0x0000,1
690,2583,305900,0x0000,0x0000,1
691,306410,306374,0x0000,0x0000,1
692,19789,306626,0x0000,0x0000,1
693,2583,305895,0x0000,0x0000,1
694,306410,306375,0x0000,0x0000,1
695,19789,306630,0x0000,0x0000,1
696,2587,305915,0x0000,0x0000,1
697,306410,306365,0x0000,0x0000,1
698,19785,306630,0x0000,0x0000,1
699,2583,305900,0x0000,0x0000,1
700,306410,306380,0x0000,0x0000,1
701,19789,306630,0x0000,0x0000,1
702,2587,305910,0x0000,0x0000,1
703,306410,306370,0x0000,0x0000,1
704,19785,306630,0x0000,0x0000,1
705,2583,305900,0x0000,0x0000,1
706,306420,306380,0x0000,0x0000,1
707,18939,306630,0x0000,0x0000,1
708,2587,305915,0x0000,0x0000,1
709,306415,306365,0x0000,0x0000,1
710,21479,306630,0x0000,0x0000,1
711,2587,305910,0x0000,0x0000,1
712,306407,306380,0x0000,0x0000,1
713,21627,306630,0x0000,0x0000,1
714,2587,305920,0x0000,0x0000,1
715,306415,306370,0x0000,0x0000,1
716,21759,306630,0x0000,0x0000,1
717,2587,305900,0x0000,0x0000,1
718,306403,306370,0x0000,0x0000,1
719,21911,306630,0x0000,0x0000,1
720,2587,305895,0x0000,0x0000,1
721,306415,306375,0x0000,0x0000,1
722,22039,306630,0x0000,0x0000,1
723,2587,305915,0x0000,0x0000,1
724,306411,306375,0x0000,0x0000,1
725,22183,306620,0x0000,0x0000,1
726,2587,305895,0x0000,0x0000,1
727,306411,306365,0x0000,0x0000,1
728,22323,306634,0x0000,0x0000,1
729,2587,305891,0x0000,0x0000,1
730,306411,306365,0x0000,0x0000,1
731,22323,306630,0x0000,0x0000,1
732,2587,305900,0x0000,0x0000,1
733,306411,306370,0x0000,0x0000,1
734,18659,306630,0x0000,0x0000,1
735,80,306670,0x0000,0x0000,1
736,0,306590,0x0000,0x0000,1
737,0,306630,0x0000,0x0000,1
738,0,306630,0x0000,0x0000,1
739,0,306630,0x0000,0x0000,1
740,0,306635,0x0000,0x0000,1
741,293,306620,0x0000,0x0000,1
742,306295,306200,0x0000,0x0000,1
743,73134,306565,0x0000,0x0000,1
744,34017,306545,0x0000,0x0000,1
745,243735,305963,0x0000,0x0000,1
746,20540,306600,0x0000,0x0000,1
747,98963,306430,0x0000,0x0000,1
748,239292,305971,0x0000,0x0000,1
749,23454,306590,0x0000,0x0000,1
750,95046,306435,0x0000,0x0000,1
751,237266,305969,0x0000,0x0000,1
752,23460,306595,0x0000,0x0000,1
753,94742,306430,0x0000,0x0000,1
754,237967,305970,0x0000,0x0000,1
755,0,306645,0x0000,0x0000,1
756,114990,306400,0x0000,0x0000,1
757,240188,305932,0x0000,0x0000,1
758,19354,306605,0x0000,0x0000,1
759,96853,306420,0x0000,0x0000,1
760,241545,305977,0x0000,0x0000,1
761,19354,306570,0x0000,0x0000,1
762,97170,306435,0x0000,0x0000,1
763,238737,305926,0x0000,0x0000,1
764,20253,306605,0x0000,0x0000,1
765,93009,306490,0x0000,0x0000,1
766,243548,305893,0x0000,0x0000,1
767,20067,306595,0x0000,0x0000,1
768,95005,306470,0x0000,0x0000,1
769,242604,305905,0x0000,0x0000,1
770,1473,306625,0x0000,0x0000,1
771,113401,306410,0x0000,0x0000,1
772,243971,305935,0x0000,0x0000,1
773,18748,306605,0x0000,0x0000,1
774,96903,306425,0x0000,0x0000,1
775,242121,305938,0x0000,0x0000,1
776,0,306630,0x0000,0x0000,1
777,115101,306400,0x0000,0x0000,1
778,244809,305978,0x0000,0x0000,1
779,19126,306565,0x0000,0x0000,1
780,95437,306430,0x0000,0x0000,1
781,242565,305982,0x0000,0x0000,1
782,18664,306590,0x0000,0x0000,1
783,95899,306435,0x0000,0x0000,1
784,243997,305976,0x0000,0x0000,1
785,17537,306600,0x0000,0x0000,1
786,95725,306520,0x0000,0x0000,1
787,245294,305888,0x0000,0x0000,1
788,17651,306600,0x0000,0x0000,1
789,96872,306430,0x0000,0x0000,1
790,244661,305982,0x0000,0x0000,1
791,0,306640,0x0000,0x0000,1
792,114611,306390,0x0000,0x0000,1
793,243094,305970,0x0000,0x0000,1
794,18898,306600,0x0000,0x0000,1
795,95665,306455,0x0000,0x0000,1
796,243107,305998,0x0000,0x0000,1
797,17819,306600,0x0000,0x0000,1
798,96754,306445,0x0000,0x0000,1
799,241416,305967,0x0000,0x0000,1
800,16890,306605,0x0000,0x0000,1
801,97673,306455,0x0000,0x0000,1
802,239895,305979,0x0000,0x0000,1
803,17046,306600,0x0000,0x0000,1
804,97517,306430,0x0000,0x0000,1
805,240764,305990,0x0000,0x0000,1
806,8229,306610,0x0000,0x0000,1
807,106334,306430,0x0000,0x0000,1
808,238084,305981,0x0000,0x0000,1
809,17801,306600,0x0000,0x0000,1
810,96772,306435,0x0000,0x0000,1
811,242073,305973,0x0000,0x0000,1
812,16548,306605,0x0000,0x0000,1
813,98025,306430,0x0000,0x0000,1
814,241990,305954,0x0000,0x0000,1
815,16075,306614,0x0000,0x0000,1
816,97187,306481,0x0000,0x0000,1
817,243969,305892,0x0000,0x0000,1
818,17885,306605,0x0000,0x0000,1
819,96688,306465,0x0000,0x0000,1
820,242132,305869,0x0000,0x0000,1
821,15925,306604,0x0000,0x0000,1
822,98578,306440,0x0000,0x0000,1
823,243047,305921,0x0000,0x0000,1
824,17879,306605,0x0000,0x0000,1
825,96674,306425,0x0000,0x0000,1
826,243797,305874,0x0000,0x0000,1
827,16836,306600,0x0000,0x0000,1
828,97717,306445,0x0000,0x0000,1
829,243054,305852,0x0000,0x0000,1
830,16836,306610,0x0000,0x0000,1
831,97647,306445,0x0000,0x0000,1
832,245955,305843,0x0000,0x0000,1
833,18239,306605,0x0000,0x0000,1
834,96264,306425,0x0000,0x0000,1
835,243931,305869,0x0000,0x0000,1
836,0,306635,0x0000,0x0000,1
837,114503,306424,0x0000,0x0000,1
838,244550,305837,0x0000,0x0000,1
839,19455,306600,0x0000,0x0000,1
840,97025,306435,0x0000,0x0000,1
841,241881,305787,0x0000,0x0000,1
842,19324,306610,0x0000,0x0000,1
843,93938,306485,0x0000,0x0000,1
844,245328,305626,0x0000,0x0000,1
845,14984,306605,0x0000,0x0000,1
846,98278,306475,0x0000,0x0000,1
847,242339,305722,0x0000,0x0000,1
848,17118,306605,0x0000,0x0000,1
849,97155,306475,0x0000,0x0000,1
850,242055,305840,0x0000,0x0000,1
851,12275,306610,0x0000,0x0000,1
852,102218,306440,0x0000,0x0000,1
853,239731,305850,0x0000,0x0000,1
854,15907,306600,0x0000,0x0000,1
855,98666,306460,0x0000,0x0000,1
856,243409,305801,0x0000,0x0000,1
857,13995,306610,0x0000,0x0000,1
858,102707,306430,0x0000,0x0000,1
859,239873,305843,0x0000,0x0000,1
860,20690,306570,0x0000,0x0000,1
861,93793,306455,0x0000,0x0000,1
862,242125,305777,0x0000,0x0000,1
863,13533,306575,0x0000,0x0000,1
864,102305,306425,0x0000,0x0000,1
865,240585,305844,0x0000,0x0000,1
866,0,306644,0x0000,0x0000,1
867,114153,306446,0x0000,0x0000,1
868,245042,305843,0x0000,0x0000,1
869,11381,306610,0x0000,0x0000,1
870,103122,306435,0x0000,0x0000,1
871,245265,305872,0x0000,0x0000,1
872,16333,306605,0x0000,0x0000,1
873,96929,306480,0x0000,0x0000,1
874,80,306625,0x0000,0x0000,1
875,0,306630,0x0000,0x0000,1
876,0,306630,0x0000,0x0000,1
877,0,306630,0x0000,0x0000,1
878,0,306630,0x0000,0x0000,1
879,0,306630,0x0000,0x0000,1
880,0,306630,0x0000,0x0000,1
881,196518,306345,0x0000,0x0000,1
882,156240,306455,0x0000,0x0000,1
883,57435,306595,0x0000,0x0000,1
884,193065,306355,0x0000,0x0000,1
885,72936,306510,0x0000,0x0000,1
886,198453,306369,0x0000,0x0000,1
887,74683,306520,0x0000,0x0000,1
888,196821,306378,0x0000,0x0000,1
889,61019,306530,0x0000,0x0000,1
890,214471,306386,0x0000,0x0000,1
891,72374,306520,0x0000,0x0000,1
892,202013,306415,0x0000,0x0000,1
893,72382,306515,0x0000,0x0000,1
894,199671,306402,0x0000,0x0000,1
895,77121,306510,0x0000,0x0000,1
896,196699,306401,0x0000,0x0000,1
897,74799,306510,0x0000,0x0000,1
898,196099,306372,0x0000,0x0000,1
899,58079,306535,0x0000,0x0000,1
900,219083,306358,0x0000,0x0000,1
901,72535,306515,0x0000,0x0000,1
902,200781,306357,0x0000,0x0000,1
903,72563,306515,0x0000,0x0000,1
904,201182,306378,0x0000,0x0000,1
905,72338,306520,0x0000,0x0000,1
906,198890,306381,0x0000,0x0000,1
907,73790,306510,0x0000,0x0000,1
908,198113,306402,0x0000,0x0000,1
909,59017,306535,0x0000,0x0000,1
910,216267,306366,0x0000,0x0000,1
911,74483,306510,0x0000,0x0000,1
912,201397,306399,0x0000,0x0000,1
913,71922,306520,0x0000,0x0000,1
914,200084,306391,0x0000,0x0000,1
915,74263,306515,0x0000,0x0000,1
916,201309,306372,0x0000,0x0000,1
917,73157,306515,0x0000,0x0000,1
918,198343,306364,0x0000,0x0000,1
919,59196,306520,0x0000,0x0000,1
920,215036,306347,0x0000,0x0000,1
921,74984,306510,0x0000,0x0000,1
922,199253,306354,0x0000,0x0000,1
923,72598,306506,0x0000,0x0000,1
924,200130,306358,0x0000,0x0000,1
925,72682,306520,0x0000,0x0000,1
926,198289,306351,0x0000,0x0000,1
927,73828,306510,0x0000,0x0000,1
928,195943,306363,0x0000,0x0000,1
929,58273,306530,0x0000,0x0000,1
930,213788,306347,0x0000,0x0000,1
931,74338,306510,0x0000,0x0000,1
932,199102,306342,0x0000,0x0000,1
933,55760,306585,0x0000,0x0000,1
934,211973,306278,0x0000,0x0000,1
935,67856,306520,0x0000,0x0000,1
936,202786,306346,0x0000,0x0000,1
937,66898,306530,0x0000,0x0000,1
938,202852,306349,0x0000,0x0000,1
939,56927,306585,0x0000,0x0000,1
940,212325,306296,0x0000,0x0000,1
941,70507,306520,0x0000,0x0000,1
942,201761,306344,0x0000,0x0000,1
943,65813,306525,0x0000,0x0000,1
944,207566,306352,0x0000,0x0000,1
945,67170,306520,0x0000,0x0000,1
946,206008,306373,0x0000,0x0000,1
947,67253,306524,0x0000,0x0000,1
948,204528,306358,0x0000,0x0000,1
949,55736,306586,0x0000,0x0000,1
950,216050,306273,0x0000,0x0000,1
951,69754,306520,0x0000,0x0000,1
952,203141,306370,0x0000,0x0000,1
953,58159,306545,0x0000,0x0000,1
954,0,306635,0x0000,0x0000,1
955,0,306635,0x0000,0x0000,1
956,0,306630,0x0000,0x0000,1
957,0,306630,0x0000,0x0000,1
958,0,306630,0x0000,0x0000,1
959,0,306630,0x0000,0x0000,1
960,77632,306520,0x0000,0x0000,1
961,284290,306280,0x0000,0x0000,1
962,5735,306620,0x0000,0x0000,1
963,38572,306520,0x0000,0x0000,1
964,291236,303432,0x0000,0x0000,1
965,7119,306630,0x0000,0x0000,1
966,105253,306360,0x0000,0x0000,1
967,305976,306015,0x0000,0x0000,1
968,35854,306256,0x0000,0x0000,1
969,82196,306410,0x0000,0x0000,1
970,305966,305999,0x0000,0x0000,1
971,34596,306259,0x0000,0x0000,1
972,82505,306445,0x0000,0x0000,1
973,298469,305971,0x0000,0x0000,1
974,44790,306268,0x0000,0x0000,1
975,84770,306375,0x0000,0x0000,1
976,306012,306045,0x0000,0x0000,1
977,33466,306251,0x0000,0x0000,1
978,83548,306390,0x0000,0x0000,1
979,306008,306022,0x0000,0x0000,1
980,31155,306305,0x0000,0x0000,1
981,81893,306385,0x0000,0x0000,1
982,306041,306040,0x0000,0x0000,1
983,33928,306316,0x0000,0x0000,1
984,82152,306410,0x0000,0x0000,1
985,306043,306062,0x0000,0x0000,1
986,33145,306304,0x0000,0x0000,1
987,84673,306400,0x0000,0x0000,1
988,306035,306058,0x0000,0x0000,1
989,33405,306288,0x0000,0x0000,1
990,84458,306400,0x0000,0x0000,1
991,306022,306034,0x0000,0x0000,1
992,12176,306328,0x0000,0x0000,1
993,104004,306365,0x0000,0x0000,1
994,306022,306074,0x0000,0x0000,1
995,32624,306271,0x0000,0x0000,1
996,81729,306420,0x0000,0x0000,1
997,306042,306056,0x0000,0x0000,1
998,33396,306303,0x0000,0x0000,1
999,82248,306410,0x0000,0x0000,1
1000,306060,306087,0x0000,0x0000,1
1001,33078,306265,0x0000,0x0000,1
1002,80469,306455,0x0000,0x0000,1
1003,287799,306015,0x0000,0x0000,1
1004,54292,306248,0x0000,0x0000,1
1005,83202,306410,0x0000,0x0000,1
1006,306021,306072,0x0000,0x0000,1
1007,33174,306264,0x0000,0x0000,1
1008,81962,306415,0x0000,0x0000,1
1009,306029,306070,0x0000,0x0000,1
1010,33933,306261,0x0000,0x0000,1
1011,81756,306401,0x0000,0x0000,1
1012,306052,306106,0x0000,0x0000,1
1013,30647,306262,0x0000,0x0000,1
1014,84693,306405,0x0000,0x0000,1
1015,305996,306053,0x0000,0x0000,1
1016,33169,306275,0x0000,0x0000,1
1017,84621,306430,0x0000,0x0000,1
1018,305971,306006,0x0000,0x0000,1
1019,32120,306269,0x0000,0x0000,1
1020,82859,306390,0x0000,0x0000,1
1021,305986,306025,0x0000,0x0000,1
1022,13348,306326,0x0000,0x0000,1
1023,96938,306430,0x0000,0x0000,1
1024,285595,306019,0x0000,0x0000,1
1025,52749,306259,0x0000,0x0000,1
1026,87153,306395,0x0000,0x0000,1
1027,303459,306035,0x0000,0x0000,1
1028,30106,306352,0x0000,0x0000,1
1029,80090,306390,0x0000,0x0000,1
1030,305979,306038,0x0000,0x0000,1
1031,25386,306385,0x0000,0x0000,1
1032,84047,306490,0x0000,0x0000,1
1033,281845,305993,0x0000,0x0000,1
1034,55957,306268,0x0000,0x0000,1
1035,81938,306440,0x0000,0x0000,1
1036,301355,306021,0x0000,0x0000,1
1037,31338,306331,0x0000,0x0000,1
1038,86785,306405,0x0000,0x0000,1
1039,305601,306016,0x0000,0x0000,1
1040,29202,306369,0x0000,0x0000,1
1041,83161,306479,0x0000,0x0000,1
1042,302136,305999,0x0000,0x0000,1
1043,25865,306348,0x0000,0x0000,1
1044,92712,306415,0x0000,0x0000,1
1045,305243,306058,0x0000,0x0000,1
1046,29385,306324,0x0000,0x0000,1
1047,80641,306425,0x0000,0x0000,1
1048,304012,306026,0x0000,0x0000,1
1049,30477,306312,0x0000,0x0000,1
1050,87451,306400,0x0000,0x0000,1
1051,305981,306045,0x0000,0x0000,1
1052,14198,306324,0x0000,0x0000,1
1053,97082,306480,0x0000,0x0000,1
1054,80,306575,0x0000,0x0000,1
1055,0,306625,0x0000,0x0000,1
1056,192220,306630,0x0000,0x0000,1
1057,0,306630,0x0000,0x0000,1
1058,0,306630,0x0000,0x0000,1
1059,0,306634,0x0000,0x0000,1
1060,0,306626,0x0000,0x0000,1
1061,0,306630,0x0000,0x0000,1
1062,0,306630,0x0000,0x0000,1
1063,0,306630,0x0000,0x0000,1
1064,0,306630,0x0000,0x0000,1
1065,0,306630,0x0000,0x0000,1
1066,0,306630,0x0000,0x0000,1
1067,0,306630,0x0000,0x0000,1
1068,0,306630,0x0000,0x0000,1
1069,0,306630,0x0000,0x0000,1
1070,0,306634,0x0000,0x0000,1
1071,0,306626,0x0000,0x0000,1
1072,0,306630,0x0000,0x0000,1
1073,0,306630,0x0000,0x0000,1
1074,80,306620,0x0000,0x0000,1
1075,0,306630,0x0000,0x0000,1
1076,3700,305865,0x0000,0x0000,1
1077,281339,306054,0x0000,0x0000,1
1078,200538,273529,0x0000,0x0000,1
1079,16755,305787,0x0000,0x0000,1
1080,281448,306024,0x0000,0x0000,1
1081,201624,273536,0x0000,0x0000,1
1082,16758,305767,0x0000,0x0000,1
1083,281404,306024,0x0000,0x0000,1
1084,202037,273542,0x0000,0x0000,1
1085,16755,305784,0x0000,0x0000,1
1086,281616,306019,0x0000,0x0000,1
1087,201997,273539,0x0000,0x0000,1
1088,16755,305776,0x0000,0x0000,1
1089,281746,306014,0x0000,0x0000,1
1090,202056,273536,0x0000,0x0000,1
1091,16754,305762,0x0000,0x0000,1
1092,281477,306034,0x0000,0x0000,1
1093,202472,273549,0x0000,0x0000,1
1094,16758,305789,0x0000,0x0000,1
1095,281773,306029,0x0000,0x0000,1
1096,202368,273529,0x0000,0x0000,1
1097,16754,305791,0x0000,0x0000,1
1098,281856,306029,0x0000,0x0000,1
1099,202429,273544,0x0000,0x0000,1
1100,16758,305775,0x0000,0x0000,1
1101,281379,306019,0x0000,0x0000,1
1102,203070,273542,0x0000,0x0000,1
1103,16754,305773,0x0000,0x0000,1
1104,281520,306034,0x0000,0x0000,1
1105,203101,273537,0x0000,0x0000,1
1106,16754,305773,0x0000,0x0000,1
1107,281482,306023,0x0000,0x0000,1
1108,203139,273529,0x0000,0x0000,1
1109,16754,305786,0x0000,0x0000,1
1110,281774,306034,0x0000,0x0000,1
1111,202472,273585,0x0000,0x0000,1
1112,16754,305738,0x0000,0x0000,1
1113,281820,306024,0x0000,0x0000,1
1114,202377,273534,0x0000,0x0000,1
1115,16754,305781,0x0000,0x0000,1
1116,281768,306034,0x0000,0x0000,1
1117,202436,273534,0x0000,0x0000,1
1118,16754,305771,0x0000,0x0000,1
1119,281758,306034,0x0000,0x0000,1
1120,202488,273585,0x0000,0x0000,1
1121,16755,305730,0x0000,0x0000,1
1122,281829,306014,0x0000,0x0000,1
1123,202368,273542,0x0000,0x0000,1
1124,16754,305775,0x0000,0x0000,1
1125,281784,306029,0x0000,0x0000,1
1126,202413,273545,0x0000,0x0000,1
1127,16755,305776,0x0000,0x0000,1
1128,281829,306019,0x0000,0x0000,1
1129,202368,273542,0x0000,0x0000,1
1130,16758,305775,0x0000,0x0000,1
1131,281780,306034,0x0000,0x0000,1
1132,202413,273540,0x0000,0x0000,1
1133,16755,305776,0x0000,0x0000,1
1134,281829,306019,0x0000,0x0000,1
1135,202368,273542,0x0000,0x0000,1
1136,16758,305775,0x0000,0x0000,1
1137,281780,306034,0x0000,0x0000,1
1138,202413,273540,0x0000,0x0000,1
1139,16755,305776,0x0000,0x0000,1
1140,281829,306019,0x0000,0x0000,1
1141,202368,273542,0x0000,0x0000,1
1142,16758,305775,0x0000,0x0000,1
1143,281780,306034,0x0000,0x0000,1
1144,202413,273540,0x0000,0x0000,1
1145,16755,305776,0x0000,0x0000,1
1146,281829,306019,0x0000,0x0000,1
1147,202368,273542,0x0000,0x0000,1
1148,16758,305775,0x0000,0x0000,1
1149,281780,306034,0x0000,0x0000,1
1150,202413,273540,0x0000,0x0000,1
1151,16755,305776,0x0000,0x0000,1
1152,281829,306019,0x0000,0x0000,1
1153,202368,273542,0x0000,0x0000,1
1154,18005,305770,0x0000,0x0000,1
1155,281769,306033,0x0000,0x0000,1
1156,191438,273483,0x0000,0x0000,1
1157,17998,305737,0x0000,0x0000,1
1158,281671,306043,0x0000,0x0000,1
1159,191538,273469,0x0000,0x0000,1
1160,17998,305737,0x0000,0x0000,1
1161,281556,306043,0x0000,0x0000,1
1162,191653,273479,0x0000,0x0000,1
1163,17998,305732,0x0000,0x0000,1
1164,281780,306038,0x0000,0x0000,1
1165,191429,273484,0x0000,0x0000,1
1166,16751,305740,0x0000,0x0000,1
1167,281787,306043,0x0000,0x0000,1
1168,191220,273567,0x0000,0x0000,1
1169,16747,305728,0x0000,0x0000,1
1170,281845,306043,0x0000,0x0000,1
1171,191164,273521,0x0000,0x0000,1
1172,16758,305761,0x0000,0x0000,1
1173,281823,306033,0x0000,0x0000,1
1174,191182,273509,0x0000,0x0000,1
1175,16754,305762,0x0000,0x0000,1
1176,281827,306043,0x0000,0x0000,1
1177,191182,273509,0x0000,0x0000,1
1178,18005,305769,0x0000,0x0000,1
1179,281832,306028,0x0000,0x0000,1
1180,191542,273526,0x0000,0x0000,1
1181,18002,305790,0x0000,0x0000,1
1182,281757,306013,0x0000,0x0000,1
1183,191626,273563,0x0000,0x0000,1
1184,18001,305752,0x0000,0x0000,1
1185,281757,306028,0x0000,0x0000,1
1186,191626,273515,0x0000,0x0000,1
1187,18006,305801,0x0000,0x0000,1
1188,281752,306018,0x0000,0x0000,1
1189,191662,273512,0x0000,0x0000,1
1190,16754,305786,0x0000,0x0000,1
1191,281648,306038,0x0000,0x0000,1
1192,191728,273507,0x0000,0x0000,1
1193,16755,305793,0x0000,0x0000,1
1194,281813,306021,0x0000,0x0000,1
1195,191516,273536,0x0000,0x0000,1
1196,16296,305775,0x0000,0x0000,1
1197,281552,306024,0x0000,0x0000,1
1198,192232,273527,0x0000,0x0000,1
1199,16324,305753,0x0000,0x0000,1
1200,281789,306065,0x0000,0x0000,1
1201,191996,273546,0x0000,0x0000,1
1202,17543,305780,0x0000,0x0000,1
1203,281524,306022,0x0000,0x0000,1
1204,192268,273530,0x0000,0x0000,1
1205,17563,305755,0x0000,0x0000,1
1206,281817,306066,0x0000,0x0000,1
1207,189732,274181,0x0000,0x0000,1
1208,17543,305872,0x0000,0x0000,1
1209,281766,306017,0x0000,0x0000,1
1210,192210,274632,0x0000,0x0000,1
1211,17543,305904,0x0000,0x0000,1
1212,281688,306042,0x0000,0x0000,1
1213,192528,274705,0x0000,0x0000,1
1214,16316,305866,0x0000,0x0000,1
1215,281587,306097,0x0000,0x0000,1
1216,193931,274838,0x0000,0x0000,1
1217,16296,305922,0x0000,0x0000,1
1218,281754,306080,0x0000,0x0000,1
1219,194037,274950,0x0000,0x0000,1
1220,16296,305915,0x0000,0x0000,1
1221,281686,306030,0x0000,0x0000,1
1222,193956,275336,0x0000,0x0000,1
1223,16296,305867,0x0000,0x0000,1
1224,281531,306050,0x0000,0x0000,1
1225,197479,275315,0x0000,0x0000,1
1226,17543,305912,0x0000,0x0000,1
1227,281583,306033,0x0000,0x0000,1
1228,193817,275442,0x0000,0x0000,1
1229,17571,305894,0x0000,0x0000,1
1230,281785,306052,0x0000,0x0000,1
1231,193476,275571,0x0000,0x0000,1
1232,17543,305910,0x0000,0x0000,1
1233,281179,306057,0x0000,0x0000,1
1234,191325,275716,0x0000,0x0000,1
1235,17351,305910,0x0000,0x0000,1
1236,281117,306061,0x0000,0x0000,1
1237,193488,275864,0x0000,0x0000,1
1238,12802,305895,0x0000,0x0000,1
1239,281139,306088,0x0000,0x0000,1
1240,191806,275784,0x0000,0x0000,1
1241,16584,305925,0x0000,0x0000,1
1242,280998,306068,0x0000,0x0000,1
1243,193018,276043,0x0000,0x0000,1
1244,15770,305904,0x0000,0x0000,1
1245,281096,306064,0x0000,0x0000,1
1246,192417,276042,0x0000,0x0000,1
1247,16449,305925,0x0000,0x0000,1
1248,280557,306051,0x0000,0x0000,1
1249,193526,276039,0x0000,0x0000,1
1250,16430,305915,0x0000,0x0000,1
1251,280565,306050,0x0000,0x0000,1
1252,192385,276105,0x0000,0x0000,1
1253,17009,305894,0x0000,0x0000,1
1254,280604,306085,0x0000,0x0000,1
1255,194687,276116,0x0000,0x0000,1
1256,13803,305930,0x0000,0x0000,1
1257,280540,306067,0x0000,0x0000,1
1258,194074,276132,0x0000,0x0000,1
1259,15326,305905,0x0000,0x0000,1
1260,280638,306079,0x0000,0x0000,1
1261,193948,276150,0x0000,0x0000,1
1262,14079,305870,0x0000,0x0000,1
1263,280638,306074,0x0000,0x0000,1
1264,193886,276136,0x0000,0x0000,1
1265,14149,305930,0x0000,0x0000,1
1266,280638,306079,0x0000,0x0000,1
1267,193870,276124,0x0000,0x0000,1
1268,14157,305915,0x0000,0x0000,1
1269,280536,306060,0x0000,0x0000,1
1270,193471,276161,0x0000,0x0000,1
1271,16747,305878,0x0000,0x0000,1
1272,280716,306090,0x0000,0x0000,1
1273,193301,276087,0x0000,0x0000,1
1274,17994,305921,0x0000,0x0000,1
1275,281054,306065,0x0000,0x0000,1
1276,193458,276118,0x0000,0x0000,1
1277,18002,305910,0x0000,0x0000,1
1278,281031,306050,0x0000,0x0000,1
1279,193481,276164,0x0000,0x0000,1
1280,18002,305893,0x0000,0x0000,1
1281,281211,306075,0x0000,0x0000,1
1282,193301,276103,0x0000,0x0000,1
1283,18002,305916,0x0000,0x0000,1
1284,281046,306055,0x0000,0x0000,1
1285,193762,276138,0x0000,0x0000,1
1286,14976,305935,0x0000,0x0000,1
1287,280925,306048,0x0000,0x0000,1
1288,193727,276136,0x0000,0x0000,1
1289,15122,305925,0x0000,0x0000,1
1290,281046,306055,0x0000,0x0000,1
1291,193718,276138,0x0000,0x0000,1
1292,14976,305935,0x0000,0x0000,1
1293,280925,306048,0x0000,0x0000,1
1294,193719,276139,0x0000,0x0000,1
1295,15130,305925,0x0000,0x0000,1
1296,281092,306043,0x0000,0x0000,1
1297,192678,276119,0x0000,0x0000,1
1298,18002,305924,0x0000,0x0000,1
1299,280994,306031,0x0000,0x0000,1
1300,192770,276131,0x0000,0x0000,1
1301,18002,305921,0x0000,0x0000,1
1302,281084,306046,0x0000,0x0000,1
1303,192680,276126,0x0000,0x0000,1
1304,18002,305897,0x0000,0x0000,1
1305,280904,306046,0x0000,0x0000,1
1306,192860,276105,0x0000,0x0000,1
1307,18002,305933,0x0000,0x0000,1
1308,281124,306049,0x0000,0x0000,1
1309,192584,276139,0x0000,0x0000,1
1310,16755,305920,0x0000,0x0000,1
1311,281132,306066,0x0000,0x0000,1
1312,192584,276152,0x0000,0x0000,1
1313,16755,305904,0x0000,0x0000,1
1314,281132,306061,0x0000,0x0000,1
1315,192584,276152,0x0000,0x0000,1
1316,16755,305899,0x0000,0x0000,1
1317,281132,306066,0x0000,0x0000,1
1318,192584,276152,0x0000,0x0000,1
1319,16755,305904,0x0000,0x0000,1
1320,281132,306061,0x0000,0x0000,1
1321,192584,276149,0x0000,0x0000,1
1322,31346,305901,0x0000,0x0000,1
1323,281229,306103,0x0000,0x0000,1
1324,192669,276129,0x0000,0x0000,1
1325,31403,305892,0x0000,0x0000,1
1326,281074,306076,0x0000,0x0000,1
1327,192759,276128,0x0000,0x0000,1
1328,31403,305905,0x0000,0x0000,1
1329,280422,306091,0x0000,0x0000,1
1330,192916,276111,0x0000,0x0000,1
1331,31354,305903,0x0000,0x0000,1
1332,280448,306087,0x0000,0x0000,1
1333,192939,276142,0x0000,0x0000,1
1334,32650,305888,0x0000,0x0000,1
1335,280624,306084,0x0000,0x0000,1
1336,192448,276143,0x0000,0x0000,1
1337,32609,305911,0x0000,0x0000,1
1338,280665,306095,0x0000,0x0000,1
1339,192448,276145,0x0000,0x0000,1
1340,32593,305897,0x0000,0x0000,1
1341,280771,306095,0x0000,0x0000,1
1342,192393,276135,0x0000,0x0000,1
1343,33032,305897,0x0000,0x0000,1
1344,280422,306065,0x0000,0x0000,1
1345,192282,276151,0x0000,0x0000,1
1346,31785,305906,0x0000,0x0000,1
1347,280465,306055,0x0000,0x0000,1
1348,192651,276131,0x0000,0x0000,1
1349,30184,305900,0x0000,0x0000,1
1350,281050,306085,0x0000,0x0000,1
1351,192704,276146,0x0000,0x0000,1
1352,30040,305865,0x0000,0x0000,1
1353,281140,306070,0x0000,0x0000,1
1354,192483,276134,0x0000,0x0000,1
1355,30178,305920,0x0000,0x0000,1
1356,281050,306080,0x0000,0x0000,1
1357,192704,276126,0x0000,0x0000,1
1358,31287,305905,0x0000,0x0000,1
1359,281221,306070,0x0000,0x0000,1
1360,193059,276133,0x0000,0x0000,1
1361,31957,305920,0x0000,0x0000,1
1362,281221,306050,0x0000,0x0000,1
1363,193269,276136,0x0000,0x0000,1
1364,31727,305910,0x0000,0x0000,1
1365,281056,306053,0x0000,0x0000,1
1366,193242,276129,0x0000,0x0000,1
1367,31883,305920,0x0000,0x0000,1
1368,280951,306045,0x0000,0x0000,1
1369,193357,276138,0x0000,0x0000,1
1370,30662,305935,0x0000,0x0000,1
1371,280951,306045,0x0000,0x0000,1
1372,193302,276138,0x0000,0x0000,1
1373,30689,305930,0x0000,0x0000,1
1374,280944,306059,0x0000,0x0000,1
1375,197776,276145,0x0000,0x0000,1
1376,24670,305915,0x0000,0x0000,1
1377,280940,306074,0x0000,0x0000,1
1378,198080,276129,0x0000,0x0000,1
1379,24365,305925,0x0000,0x0000,1
1380,280441,306047,0x0000,0x0000,1
1381,197897,276184,0x0000,0x0000,1
1382,23662,305855,0x0000,0x0000,1
1383,280708,306094,0x0000,0x0000,1
1384,197944,276131,0x0000,0x0000,1
1385,23815,305900,0x0000,0x0000,1
1386,281699,306078,0x0000,0x0000,1
1387,192845,276129,0x0000,0x0000,1
1388,30926,305898,0x0000,0x0000,1
1389,281540,306088,0x0000,0x0000,1
1390,193026,276144,0x0000,0x0000,1
1391,30969,305885,0x0000,0x0000,1
1392,281788,306083,0x0000,0x0000,1
1393,192763,276125,0x0000,0x0000,1
1394,32161,305896,0x0000,0x0000,1
1395,281587,306073,0x0000,0x0000,1
1396,192999,276156,0x0000,0x0000,1
1397,32216,305887,0x0000,0x0000,1
1398,281846,306077,0x0000,0x0000,1
1399,193329,276127,0x0000,0x0000,1
1400,30815,305900,0x0000,0x0000,1
1401,281536,306072,0x0000,0x0000,1
1402,193325,276135,0x0000,0x0000,1
1403,31615,305904,0x0000,0x0000,1
1404,282224,306055,0x0000,0x0000,1
1405,193231,276107,0x0000,0x0000,1
1406,29826,305910,0x0000,0x0000,1
1407,282083,306030,0x0000,0x0000,1
1408,193269,276127,0x0000,0x0000,1
1409,29933,305910,0x0000,0x0000,1
1410,281981,306030,0x0000,0x0000,1
1411,193322,276126,0x0000,0x0000,1
1412,29974,305930,0x0000,0x0000,1
1413,282283,306037,0x0000,0x0000,1
1414,193638,276128,0x0000,0x0000,1
1415,29221,305915,0x0000,0x0000,1
1416,282039,306032,0x0000,0x0000,1
1417,193548,276138,0x0000,0x0000,1
1418,30794,305900,0x0000,0x0000,1
1419,282039,306041,0x0000,0x0000,1
1420,193548,276129,0x0000,0x0000,1
1421,30794,305910,0x0000,0x0000,1
1422,282055,306052,0x0000,0x0000,1
1423,193375,276140,0x0000,0x0000,1
1424,30959,305904,0x0000,0x0000,1
1425,282270,306029,0x0000,0x0000,1
1426,192643,276113,0x0000,0x0000,1
1427,30698,305930,0x0000,0x0000,1
1428,282174,306039,0x0000,0x0000,1
1429,192519,276137,0x0000,0x0000,1
1430,30095,305875,0x0000,0x0000,1
1431,282149,306059,0x0000,0x0000,1
1432,192645,276115,0x0000,0x0000,1
1433,29938,305930,0x0000,0x0000,1
1434,281998,306039,0x0000,0x0000,1
1435,192417,276139,0x0000,0x0000,1
1436,30361,305895,0x0000,0x0000,1
1437,282217,306069,0x0000,0x0000,1
1438,192975,276119,0x0000,0x0000,1
1439,29488,305925,0x0000,0x0000,1
1440,282122,306027,0x0000,0x0000,1
1441,192805,276139,0x0000,0x0000,1
1442,24717,305895,0x0000,0x0000,1
1443,282129,306074,0x0000,0x0000,1
1444,192840,276124,0x0000,0x0000,1
1445,24591,305900,0x0000,0x0000,1
1446,282305,306072,0x0000,0x0000,1
1447,192868,276141,0x0000,0x0000,1
1448,24472,305894,0x0000,0x0000,1
1449,282554,306073,0x0000,0x0000,1
1450,192947,276106,0x0000,0x0000,1
1451,24275,305895,0x0000,0x0000,1
1452,282740,306069,0x0000,0x0000,1
1453,192991,276146,0x0000,0x0000,1
1454,25320,305885,0x0000,0x0000,1
1455,282611,306075,0x0000,0x0000,1
1456,193130,276106,0x0000,0x0000,1
1457,25306,305910,0x0000,0x0000,1
1458,282652,306062,0x0000,0x0000,1
1459,193069,276159,0x0000,0x0000,1
1460,25306,305875,0x0000,0x0000,1
1461,282615,306080,0x0000,0x0000,1
1462,193138,276110,0x0000,0x0000,1
1463,25298,305905,0x0000,0x0000,1
1464,282642,306057,0x0000,0x0000,1
1465,192775,276126,0x0000,0x0000,1
1466,24307,305920,0x0000,0x0000,1
1467,282697,306034,0x0000,0x0000,1
1468,192719,276128,0x0000,0x0000,1
1469,23869,305920,0x0000,0x0000,1
1470,282805,306034,0x0000,0x0000,1
1471,192739,276138,0x0000,0x0000,1
1472,23741,305915,0x0000,0x0000,1
1473,282596,306039,0x0000,0x0000,1
1474,192888,276126,0x0000,0x0000,1
1475,23801,305920,0x0000,0x0000,1
1476,282543,306039,0x0000,0x0000,1
1477,191550,276147,0x0000,0x0000,1
1478,27516,305912,0x0000,0x0000,1
1479,283382,306029,0x0000,0x0000,1
1480,206806,276145,0x0000,0x0000,1
1481,27516,305892,0x0000,0x0000,1
1482,283835,306027,0x0000,0x0000,1
1483,215230,276142,0x0000,0x0000,1
1484,27516,305889,0x0000,0x0000,1
1485,283827,306026,0x0000,0x0000,1
1486,217554,276136,0x0000,0x0000,1
1487,27049,305915,0x0000,0x0000,1
1488,283689,306064,0x0000,0x0000,1
1489,218277,276121,0x0000,0x0000,1
1490,25849,305883,0x0000,0x0000,1
1491,283718,306078,0x0000,0x0000,1
1492,217397,276149,0x0000,0x0000,1
1493,25809,305912,0x0000,0x0000,1
1494,283832,306060,0x0000,0x0000,1
1495,216229,276195,0x0000,0x0000,1
1496,25813,305922,0x0000,0x0000,1
1497,283720,306047,0x0000,0x0000,1
1498,216638,276221,0x0000,0x0000,1
1499,25838,305891,0x0000,0x0000,1
1500,284366,306066,0x0000,0x0000,1
1501,213983,276113,0x0000,0x0000,1
1502,57057,305884,0x0000,0x0000,1
1503,284366,306087,0x0000,0x0000,1
1504,211207,276141,0x0000,0x0000,1
1505,57050,305880,0x0000,0x0000,1
1506,284223,306065,0x0000,0x0000,1
1507,211630,276122,0x0000,0x0000,1
1508,57038,305896,0x0000,0x0000,1
1509,284421,306070,0x0000,0x0000,1
1510,210332,276152,0x0000,0x0000,1
1511,57038,305886,0x0000,0x0000,1
1512,284470,306065,0x0000,0x0000,1
1513,211136,276161,0x0000,0x0000,1
1514,16335,305896,0x0000,0x0000,1
1515,284384,306077,0x0000,0x0000,1
1516,209970,276149,0x0000,0x0000,1
1517,16335,305901,0x0000,0x0000,1
1518,284238,306092,0x0000,0x0000,1
1519,209824,276160,0x0000,0x0000,1
1520,16755,305890,0x0000,0x0000,1
1521,284396,306060,0x0000,0x0000,1
1522,193917,276114,0x0000,0x0000,1
1523,16754,305902,0x0000,0x0000,1
1524,284372,306072,0x0000,0x0000,1
1525,193894,276100,0x0000,0x0000,1
1526,57469,305893,0x0000,0x0000,1
1527,284922,306050,0x0000,0x0000,1
1528,214336,276109,0x0000,0x0000,1
1529,57472,305901,0x0000,0x0000,1
1530,284756,306052,0x0000,0x0000,1
1531,218884,276135,0x0000,0x0000,1
1532,57468,305893,0x0000,0x0000,1
1533,284875,306036,0x0000,0x0000,1
1534,219210,276143,0x0000,0x0000,1
1535,57010,305899,0x0000,0x0000,1
1536,284777,306040,0x0000,0x0000,1
1537,219795,276138,0x0000,0x0000,1
1538,16292,305906,0x0000,0x0000,1
1539,284971,306062,0x0000,0x0000,1
1540,218007,276210,0x0000,0x0000,1
1541,16299,305907,0x0000,0x0000,1
1542,285417,306071,0x0000,0x0000,1
1543,218118,276197,0x0000,0x0000,1
1544,16296,305914,0x0000,0x0000,1
1545,285315,306030,0x0000,0x0000,1
1546,215993,276168,0x0000,0x0000,1
1547,16296,305890,0x0000,0x0000,1
1548,285525,306050,0x0000,0x0000,1
1549,211737,276171,0x0000,0x0000,1
1550,57010,305895,0x0000,0x0000,1
1551,285437,306045,0x0000,0x0000,1
1552,211580,276136,0x0000,0x0000,1
1553,57037,305872,0x0000,0x0000,1
1554,285436,306106,0x0000,0x0000,1
1555,212227,276143,0x0000,0x0000,1
1556,57010,305914,0x0000,0x0000,1
1557,285512,306040,0x0000,0x0000,1
1558,211588,276155,0x0000,0x0000,1
1559,57010,305896,0x0000,0x0000,1
1560,285221,306050,0x0000,0x0000,1
1561,211551,276150,0x0000,0x0000,1
1562,16323,305872,0x0000,0x0000,1
1563,285486,306071,0x0000,0x0000,1
1564,211560,276151,0x0000,0x0000,1
1565,16295,305905,0x0000,0x0000,1
1566,285191,306057,0x0000,0x0000,1
1567,196204,276134,0x0000,0x0000,1
1568,16296,305925,0x0000,0x0000,1
1569,286109,306040,0x0000,0x0000,1
1570,196924,276139,0x0000,0x0000,1
1571,16295,305909,0x0000,0x0000,1
1572,286117,306076,0x0000,0x0000,1
1573,196866,276161,0x0000,0x0000,1
1574,57010,305932,0x0000,0x0000,1
1575,285929,306029,0x0000,0x0000,1
1576,197075,276140,0x0000,0x0000,1
1577,57010,305917,0x0000,0x0000,1
1578,285952,306044,0x0000,0x0000,1
1579,197118,276171,0x0000,0x0000,1
1580,57009,305885,0x0000,0x0000,1
1581,286522,306055,0x0000,0x0000,1
1582,196939,276186,0x0000,0x0000,1
1583,57009,305911,0x0000,0x0000,1
1584,286460,306050,0x0000,0x0000,1
1585,196867,276126,0x0000,0x0000,1
1586,16296,305898,0x0000,0x0000,1
1587,286514,306043,0x0000,0x0000,1
1588,196732,276130,0x0000,0x0000,1
1589,16324,305893,0x0000,0x0000,1
1590,286315,306058,0x0000,0x0000,1
1591,197165,276143,0x0000,0x0000,1
1592,16299,305904,0x0000,0x0000,1
1593,286608,306070,0x0000,0x0000,1
1594,196454,276130,0x0000,0x0000,1
1595,16323,305895,0x0000,0x0000,1
1596,286584,306075,0x0000,0x0000,1
1597,196101,276140,0x0000,0x0000,1
1598,57010,305928,0x0000,0x0000,1
1599,286334,306033,0x0000,0x0000,1
1600,196697,276139,0x0000,0x0000,1
1601,57038,305901,0x0000,0x0000,1
1602,286493,306058,0x0000,0x0000,1
1603,196468,276199,0x0000,0x0000,1
1604,57013,305872,0x0000,0x0000,1
1605,286338,306055,0x0000,0x0000,1
1606,196653,276149,0x0000,0x0000,1
1607,57010,305925,0x0000,0x0000,1
1608,286947,306023,0x0000,0x0000,1
1609,213890,276170,0x0000,0x0000,1
1610,16296,305890,0x0000,0x0000,1
1611,286996,306053,0x0000,0x0000,1
1612,221521,276172,0x0000,0x0000,1
1613,16324,305870,0x0000,0x0000,1
1614,287374,306075,0x0000,0x0000,1
1615,221622,276133,0x0000,0x0000,1
1616,16296,305908,0x0000,0x0000,1
1617,287525,306043,0x0000,0x0000,1
1618,220547,276142,0x0000,0x0000,1
1619,16299,305905,0x0000,0x0000,1
1620,287356,306055,0x0000,0x0000,1
1621,220696,276188,0x0000,0x0000,1
1622,57042,305884,0x0000,0x0000,1
1623,287648,306113,0x0000,0x0000,1
1624,219403,276183,0x0000,0x0000,1
1625,57013,305905,0x0000,0x0000,1
1626,287367,306055,0x0000,0x0000,1
1627,220128,276168,0x0000,0x0000,1
1628,57013,305903,0x0000,0x0000,1
1629,287444,306050,0x0000,0x0000,1
1630,217266,276161,0x0000,0x0000,1
1631,57010,305899,0x0000,0x0000,1
1632,287450,306048,0x0000,0x0000,1
1633,213742,276157,0x0000,0x0000,1
1634,16296,305904,0x0000,0x0000,1
1635,286882,306038,0x0000,0x0000,1
1636,212202,276166,0x0000,0x0000,1
1637,16296,305881,0x0000,0x0000,1
1638,286446,306056,0x0000,0x0000,1
1639,211709,276131,0x0000,0x0000,1
1640,16299,305905,0x0000,0x0000,1
1641,286229,306057,0x0000,0x0000,1
1642,211069,276153,0x0000,0x0000,1
1643,16296,305886,0x0000,0x0000,1
1644,286977,306063,0x0000,0x0000,1
1645,196802,276154,0x0000,0x0000,1
1646,57013,305911,0x0000,0x0000,1
1647,286884,306060,0x0000,0x0000,1
1648,196839,276148,0x0000,0x0000,1
1649,57002,305890,0x0000,0x0000,1
1650,286798,306066,0x0000,0x0000,1
1651,196386,276153,0x0000,0x0000,1
1652,57045,305898,0x0000,0x0000,1
1653,286965,306070,0x0000,0x0000,1
1654,196721,276156,0x0000,0x0000,1
1655,57010,305927,0x0000,0x0000,1
1656,286880,306032,0x0000,0x0000,1
1657,196832,276172,0x0000,0x0000,1
1658,16295,305925,0x0000,0x0000,1
1659,287068,306062,0x0000,0x0000,1
1660,196074,276134,0x0000,0x0000,1
1661,16288,305899,0x0000,0x0000,1
1662,286978,306062,0x0000,0x0000,1
1663,196125,276140,0x0000,0x0000,1
1664,16324,305894,0x0000,0x0000,1
1665,287122,306065,0x0000,0x0000,1
1666,195899,276143,0x0000,0x0000,1
1667,16295,305894,0x0000,0x0000,1
1668,286798,306058,0x0000,0x0000,1
1669,196341,276127,0x0000,0x0000,1
1670,57013,305918,0x0000,0x0000,1
1671,287379,306052,0x0000,0x0000,1
1672,195902,276148,0x0000,0x0000,1
1673,57009,305893,0x0000,0x0000,1
1674,287469,306059,0x0000,0x0000,1
1675,196065,276137,0x0000,0x0000,1
1676,57049,305890,0x0000,0x0000,1
1677,286492,306122,0x0000,0x0000,1
1678,194221,276118,0x0000,0x0000,1
1679,57009,305901,0x0000,0x0000,1
1680,285221,306083,0x0000,0x0000,1
1681,155851,276164,0x0000,0x0000,1
1682,2132,305915,0x0000,0x0000,1
1683,285182,306039,0x0000,0x0000,1
1684,155905,276174,0x0000,0x0000,1
1685,2132,305920,0x0000,0x0000,1
1686,285118,306045,0x0000,0x0000,1
1687,155992,276175,0x0000,0x0000,1
1688,2164,305886,0x0000,0x0000,1
1689,285957,306091,0x0000,0x0000,1
1690,176407,276141,0x0000,0x0000,1
1691,2132,305925,0x0000,0x0000,1
1692,285923,306056,0x0000,0x0000,1
1693,181045,276146,0x0000,0x0000,1
1694,2132,305905,0x0000,0x0000,1
1695,285752,306102,0x0000,0x0000,1
1696,180685,276108,0x0000,0x0000,1
1697,2132,305920,0x0000,0x0000,1
1698,285687,306049,0x0000,0x0000,1
1699,179813,276145,0x0000,0x0000,1
1700,2132,305910,0x0000,0x0000,1
1701,285686,306063,0x0000,0x0000,1
1702,179606,276212,0x0000,0x0000,1
1703,2160,305890,0x0000,0x0000,1
1704,285746,306083,0x0000,0x0000,1
1705,179441,276160,0x0000,0x0000,1
1706,2132,305920,0x0000,0x0000,1
1707,285628,306049,0x0000,0x0000,1
1708,178542,276171,0x0000,0x0000,1
1709,2132,305920,0x0000,0x0000,1
1710,286332,306065,0x0000,0x0000,1
1711,173486,276169,0x0000,0x0000,1
1712,2132,305920,0x0000,0x0000,1
1713,285821,306060,0x0000,0x0000,1
1714,172565,276187,0x0000,0x0000,1
1715,2132,305910,0x0000,0x0000,1
1716,285561,306060,0x0000,0x0000,1
1717,172520,276167,0x0000,0x0000,1
1718,2164,305890,0x0000,0x0000,1
1719,285079,306079,0x0000,0x0000,1
1720,172977,276159,0x0000,0x0000,1
1721,2132,305920,0x0000,0x0000,1
1722,285306,306057,0x0000,0x0000,1
1723,172291,276163,0x0000,0x0000,1
1724,2132,305915,0x0000,0x0000,1
1725,285688,306049,0x0000,0x0000,1
1726,157087,276165,0x0000,0x0000,1
1727,2132,305925,0x0000,0x0000,1
1728,285902,306047,0x0000,0x0000,1
1729,157635,276163,0x0000,0x0000,1
1730,2132,305925,0x0000,0x0000,1
1731,285908,306043,0x0000,0x0000,1
1732,157619,276177,0x0000,0x0000,1
1733,2132,305920,0x0000,0x0000,1
1734,285712,306032,0x0000,0x0000,1
1735,157192,276169,0x0000,0x0000,1
1736,2132,305920,0x0000,0x0000,1
1737,285802,306050,0x0000,0x0000,1
1738,157117,276150,0x0000,0x0000,1
1739,2132,305924,0x0000,0x0000,1
1740,285627,306046,0x0000,0x0000,1
1741,157253,276220,0x0000,0x0000,1
1742,2132,305915,0x0000,0x0000,1
1743,285768,306037,0x0000,0x0000,1
1744,157163,276164,0x0000,0x0000,1
1745,2132,305910,0x0000,0x0000,1
1746,285950,306080,0x0000,0x0000,1
1747,157013,276125,0x0000,0x0000,1
1748,2132,305925,0x0000,0x0000,1
1749,286207,306084,0x0000,0x0000,1
1750,157503,276116,0x0000,0x0000,1
1751,2132,305920,0x0000,0x0000,1
1752,285714,306048,0x0000,0x0000,1
1753,155556,276161,0x0000,0x0000,1
1754,2132,305925,0x0000,0x0000,1
1755,285737,306041,0x0000,0x0000,1
1756,155862,276169,0x0000,0x0000,1
1757,2152,305885,0x0000,0x0000,1
1758,285069,306071,0x0000,0x0000,1
1759,156210,276177,0x0000,0x0000,1
1760,2132,305920,0x0000,0x0000,1
1761,285127,306062,0x0000,0x0000,1
1762,155682,276156,0x0000,0x0000,1
1763,2132,305925,0x0000,0x0000,1
1764,285710,306059,0x0000,0x0000,1
1765,169723,276159,0x0000,0x0000,1
1766,2132,305935,0x0000,0x0000,1
1767,285927,306055,0x0000,0x0000,1
1768,176679,276151,0x0000,0x0000,1
1769,2160,305890,0x0000,0x0000,1
1770,285723,306082,0x0000,0x0000,1
1771,180695,276143,0x0000,0x0000,1
1772,2132,305930,0x0000,0x0000,1
1773,285730,306070,0x0000,0x0000,1
1774,180874,276154,0x0000,0x0000,1
1775,2132,305920,0x0000,0x0000,1
1776,285925,306060,0x0000,0x0000,1
1777,180085,276188,0x0000,0x0000,1
1778,2132,305925,0x0000,0x0000,1
1779,285756,306057,0x0000,0x0000,1
1780,179952,276215,0x0000,0x0000,1
1781,2132,305930,0x0000,0x0000,1
1782,285928,306048,0x0000,0x0000,1
1783,178399,276164,0x0000,0x0000,1
1784,2132,305915,0x0000,0x0000,1
1785,285641,306055,0x0000,0x0000,1
1786,178376,276176,0x0000,0x0000,1
1787,2132,305915,0x0000,0x0000,1
1788,285247,306063,0x0000,0x0000,1
1789,172828,276153,0x0000,0x0000,1
1790,2132,305921,0x0000,0x0000,1
1791,285053,306051,0x0000,0x0000,1
1792,173204,276160,0x0000,0x0000,1
1793,2132,305925,0x0000,0x0000,1
1794,284643,306060,0x0000,0x0000,1
1795,172654,276156,0x0000,0x0000,1
1796,2132,305905,0x0000,0x0000,1
1797,284654,306061,0x0000,0x0000,1
1798,172977,276175,0x0000,0x0000,1
1799,2132,305915,0x0000,0x0000,1
1800,285818,306047,0x0000,0x0000,1
1801,173721,276153,0x0000,0x0000,1
1802,2132,305915,0x0000,0x0000,1
1803,285811,306045,0x0000,0x0000,1
1804,158043,276166,0x0000,0x0000,1
1805,2132,305920,0x0000,0x0000,1
1806,285747,306100,0x0000,0x0000,1
1807,158106,276134,0x0000,0x0000,1
1808,2132,305930,0x0000,0x0000,1
1809,285909,306038,0x0000,0x0000,1
1810,158030,276179,0x0000,0x0000,1
1811,2132,305930,0x0000,0x0000,1
1812,285911,306044,0x0000,0x0000,1
1813,157894,276220,0x0000,0x0000,1
1814,2132,305926,0x0000,0x0000,1
1815,285600,306038,0x0000,0x0000,1
1816,158243,276178,0x0000,0x0000,1
1817,2132,305915,0x0000,0x0000,1
1818,285672,306050,0x0000,0x0000,1
1819,158173,276167,0x0000,0x0000,1
1820,2160,305890,0x0000,0x0000,1
1821,285931,306079,0x0000,0x0000,1
1822,157779,276166,0x0000,0x0000,1
1823,2152,305885,0x0000,0x0000,1
1824,285735,306101,0x0000,0x0000,1
1825,157941,276121,0x0000,0x0000,1
1826,2152,305890,0x0000,0x0000,1
1827,285816,306070,0x0000,0x0000,1
1828,158225,276176,0x0000,0x0000,1
1829,2132,305930,0x0000,0x0000,1
1830,285250,306064,0x0000,0x0000,1
1831,157515,276127,0x0000,0x0000,1
1832,2132,305920,0x0000,0x0000,1
1833,285421,306052,0x0000,0x0000,1
1834,157342,276159,0x0000,0x0000,1
1835,2160,305895,0x0000,0x0000,1
1836,284817,306081,0x0000,0x0000,1
1837,156086,276174,0x0000,0x0000,1
1838,2132,305925,0x0000,0x0000,1
1839,284567,306049,0x0000,0x0000,1
1840,156368,276187,0x0000,0x0000,1
1841,2132,305920,0x0000,0x0000,1
1842,284658,306041,0x0000,0x0000,1
1843,156278,276164,0x0000,0x0000,1
1844,2132,305900,0x0000,0x0000,1
1845,284707,306060,0x0000,0x0000,1
1846,156227,276174,0x0000,0x0000,1
1847,2132,305930,0x0000,0x0000,1
1848,284547,306043,0x0000,0x0000,1
1849,156389,276153,0x0000,0x0000,1
1850,2132,305935,0x0000,0x0000,1
1851,284680,306041,0x0000,0x0000,1
1852,156258,276178,0x0000,0x0000,1
1853,2132,305920,0x0000,0x0000,1
1854,285316,306058,0x0000,0x0000,1
1855,156077,276192,0x0000,0x0000,1
1856,2132,305915,0x0000,0x0000,1
1857,285175,306051,0x0000,0x0000,1
1858,156182,276158,0x0000,0x0000,1
1859,2132,305910,0x0000,0x0000,1
1860,285622,306069,0x0000,0x0000,1
1861,170352,276150,0x0000,0x0000,1
1862,2132,305910,0x0000,0x0000,1
1863,285779,306069,0x0000,0x0000,1
1864,180353,276149,0x0000,0x0000,1
1865,2124,305920,0x0000,0x0000,1
1866,285782,306087,0x0000,0x0000,1
1867,181603,276142,0x0000,0x0000,1
1868,2164,305895,0x0000,0x0000,1
1869,285722,306106,0x0000,0x0000,1
1870,181388,276158,0x0000,0x0000,1
1871,2132,305925,0x0000,0x0000,1
1872,285239,306062,0x0000,0x0000,1
1873,180245,276197,0x0000,0x0000,1
1874,2132,305915,0x0000,0x0000,1
1875,285204,306056,0x0000,0x0000,1
1876,179983,276221,0x0000,0x0000,1
1877,2160,305890,0x0000,0x0000,1
1878,284672,306089,0x0000,0x0000,1
1879,181141,276151,0x0000,0x0000,1
1880,2132,305920,0x0000,0x0000,1
1881,284889,306059,0x0000,0x0000,1
1882,176482,276153,0x0000,0x0000,1
1883,2132,305925,0x0000,0x0000,1
1884,284629,306062,0x0000,0x0000,1
1885,173628,276154,0x0000,0x0000,1
1886,2132,305920,0x0000,0x0000,1
1887,284647,306059,0x0000,0x0000,1
1888,173523,276151,0x0000,0x0000,1
1889,2132,305920,0x0000,0x0000,1
1890,284875,306063,0x0000,0x0000,1
1891,173063,276151,0x0000,0x0000,1
1892,2132,305924,0x0000,0x0000,1
1893,284567,306047,0x0000,0x0000,1
1894,173484,276159,0x0000,0x0000,1
1895,2132,305915,0x0000,0x0000,1
1896,284732,306064,0x0000,0x0000,1
1897,173194,276161,0x0000,0x0000,1
1898,2132,305926,0x0000,0x0000,1
1899,284552,306043,0x0000,0x0000,1
1900,157549,276162,0x0000,0x0000,1
1901,2132,305926,0x0000,0x0000,1
1902,285158,306059,0x0000,0x0000,1
1903,157870,276163,0x0000,0x0000,1
1904,2132,305925,0x0000,0x0000,1
1905,285423,306046,0x0000,0x0000,1
1906,158339,276157,0x0000,0x0000,1
1907,2132,305925,0x0000,0x0000,1
1908,285426,306040,0x0000,0x0000,1
1909,158302,276166,0x0000,0x0000,1
1910,2164,305890,0x0000,0x0000,1
1911,285255,306085,0x0000,0x0000,1
1912,158220,276133,0x0000,0x0000,1
1913,2132,305915,0x0000,0x0000,1
1914,284724,306049,0x0000,0x0000,1
1915,157026,276156,0x0000,0x0000,1
1916,2132,305910,0x0000,0x0000,1
1917,284241,306055,0x0000,0x0000,1
1918,157043,276223,0x0000,0x0000,1
1919,2132,305920,0x0000,0x0000,1
1920,284227,306046,0x0000,0x0000,1
1921,157052,276169,0x0000,0x0000,1
1922,2132,305925,0x0000,0x0000,1
1923,284223,306037,0x0000,0x0000,1
1924,157158,276169,0x0000,0x0000,1
1925,2132,305920,0x0000,0x0000,1
1926,284212,306038,0x0000,0x0000,1
1927,157359,276177,0x0000,0x0000,1
1928,2164,305895,0x0000,0x0000,1
1929,284226,306070,0x0000,0x0000,1
1930,156374,276174,0x0000,0x0000,1
1931,2132,305935,0x0000,0x0000,1
1932,284191,306033,0x0000,0x0000,1
1933,156405,276163,0x0000,0x0000,1
1934,2132,305915,0x0000,0x0000,1
1935,284128,306062,0x0000,0x0000,1
1936,156589,276172,0x0000,0x0000,1
1937,2132,305925,0x0000,0x0000,1
1938,284163,306040,0x0000,0x0000,1
1939,156587,276180,0x0000,0x0000,1
1940,2132,305920,0x0000,0x0000,1
1941,284248,306051,0x0000,0x0000,1
1942,156393,276162,0x0000,0x0000,1
1943,2132,305905,0x0000,0x0000,1
1944,284804,306056,0x0000,0x0000,1
1945,172149,276177,0x0000,0x0000,1
1946,2132,305930,0x0000,0x0000,1
1947,284871,306050,0x0000,0x0000,1
1948,179863,276170,0x0000,0x0000,1
1949,2132,305915,0x0000,0x0000,1
1950,284261,306058,0x0000,0x0000,1
1951,180972,276126,0x0000,0x0000,1
1952,2132,305915,0x0000,0x0000,1
1953,284264,306070,0x0000,0x0000,1
1954,180022,276144,0x0000,0x0000,1
1955,2132,305915,0x0000,0x0000,1
1956,284383,306070,0x0000,0x0000,1
1957,180954,276215,0x0000,0x0000,1
1958,2132,305920,0x0000,0x0000,1
1959,283738,306053,0x0000,0x0000,1
1960,179644,276226,0x0000,0x0000,1
1961,2132,305935,0x0000,0x0000,1
1962,283592,306048,0x0000,0x0000,1
1963,178430,276149,0x0000,0x0000,1
1964,2132,305920,0x0000,0x0000,1
1965,283865,306055,0x0000,0x0000,1
1966,177301,276162,0x0000,0x0000,1
1967,2132,305905,0x0000,0x0000,1
1968,283755,306066,0x0000,0x0000,1
1969,173843,276152,0x0000,0x0000,1
1970,2132,305930,0x0000,0x0000,1
1971,283852,306055,0x0000,0x0000,1
1972,172819,276156,0x0000,0x0000,1
1973,2132,305915,0x0000,0x0000,1
1974,283631,306053,0x0000,0x0000,1
1975,173575,276156,0x0000,0x0000,1
1976,2132,305930,0x0000,0x0000,1
1977,283596,306059,0x0000,0x0000,1
1978,173298,276158,0x0000,0x0000,1
1979,2132,305925,0x0000,0x0000,1
1980,283562,306062,0x0000,0x0000,1
1981,173200,276144,0x0000,0x0000,1
1982,2152,305895,0x0000,0x0000,1
1983,283614,306080,0x0000,0x0000,1
1984,173718,276148,0x0000,0x0000,1
1985,2132,305920,0x0000,0x0000,1
1986,283756,306040,0x0000,0x0000,1
1987,157162,276170,0x0000,0x0000,1
1988,2164,305890,0x0000,0x0000,1
1989,283880,306074,0x0000,0x0000,1
1990,157121,276155,0x0000,0x0000,1
1991,2132,305915,0x0000,0x0000,1
1992,283852,306044,0x0000,0x0000,1
1993,157105,276158,0x0000,0x0000,1
1994,2152,305895,0x0000,0x0000,1
1995,284454,306069,0x0000,0x0000,1
1996,157407,276161,0x0000,0x0000,1
1997,2132,305915,0x0000,0x0000,1
1998,283901,306054,0x0000,0x0000,1
1999,158266,276167,0x0000,0x0000,1
2000,2132,305925,0x0000,0x0000,1
2001,283854,306074,0x0000,0x0000,1
2002,158273,276139,0x0000,0x0000,1
2003,2132,305915,0x0000,0x0000,1
2004,283846,306059,0x0000,0x0000,1
2005,157627,276165,0x0000,0x0000,1
2006,2132,305925,0x0000,0x0000,1
2007,283618,306052,0x0000,0x0000,1
2008,157743,276173,0x0000,0x0000,1
2009,2160,305890,0x0000,0x0000,1
2010,283793,306075,0x0000,0x0000,1
2011,157659,276222,0x0000,0x0000,1
2012,2152,305890,0x0000,0x0000,1
2013,283793,306077,0x0000,0x0000,1
2014,157620,276173,0x0000,0x0000,1
2015,2132,305920,0x0000,0x0000,1
2016,283333,306038,0x0000,0x0000,1
2017,156660,276196,0x0000,0x0000,1
2018,2132,305925,0x0000,0x0000,1
2019,283316,306042,0x0000,0x0000,1
2020,156489,276169,0x0000,0x0000,1
2021,2132,305925,0x0000,0x0000,1
2022,283166,306036,0x0000,0x0000,1
2023,156558,276188,0x0000,0x0000,1
2024,2164,305890,0x0000,0x0000,1
2025,283351,306083,0x0000,0x0000,1
2026,156064,276181,0x0000,0x0000,1
2027,2132,305925,0x0000,0x0000,1
2028,283198,306061,0x0000,0x0000,1
2029,155949,276185,0x0000,0x0000,1
2030,2132,305915,0x0000,0x0000,1
2031,283207,306051,0x0000,0x0000,1
2032,155943,276172,0x0000,0x0000,1
2033,2132,305930,0x0000,0x0000,1
2034,283349,306048,0x0000,0x0000,1
2035,155758,276169,0x0000,0x0000,1
2036,2132,305924,0x0000,0x0000,1
2037,283063,306041,0x0000,0x0000,1
2038,156310,276173,0x0000,0x0000,1
2039,2132,305910,0x0000,0x0000,1
2040,283216,306056,0x0000,0x0000,1
2041,155894,276166,0x0000,0x0000,1
2042,2132,305930,0x0000,0x0000,1
2043,283349,306043,0x0000,0x0000,1
2044,155761,276166,0x0000,0x0000,1
2045,2152,305895,0x0000,0x0000,1
2046,283217,306083,0x0000,0x0000,1
2047,155913,276162,0x0000,0x0000,1
2048,2132,305910,0x0000,0x0000,1
2049,283357,306066,0x0000,0x0000,1
2050,155712,276165,0x0000,0x0000,1
2051,2132,305925,0x0000,0x0000,1
2052,283207,306041,0x0000,0x0000,1
2053,155865,276159,0x0000,0x0000,1
2054,2132,305905,0x0000,0x0000,1
2055,283160,306056,0x0000,0x0000,1
2056,155903,276162,0x0000,0x0000,1
2057,2152,305895,0x0000,0x0000,1
2058,283260,306086,0x0000,0x0000,1
2059,172675,276140,0x0000,0x0000,1
2060,2132,305915,0x0000,0x0000,1
2061,282688,306059,0x0000,0x0000,1
2062,180904,276162,0x0000,0x0000,1
2063,2124,305915,0x0000,0x0000,1
2064,282672,306071,0x0000,0x0000,1
2065,180639,276155,0x0000,0x0000,1
2066,2132,305925,0x0000,0x0000,1
2067,282610,306043,0x0000,0x0000,1
2068,179926,276149,0x0000,0x0000,1
2069,2132,305915,0x0000,0x0000,1
2070,282754,306051,0x0000,0x0000,1
2071,180232,276191,0x0000,0x0000,1
2072,2132,305925,0x0000,0x0000,1
2073,282815,306057,0x0000,0x0000,1
2074,179104,276231,0x0000,0x0000,1
2075,2132,305925,0x0000,0x0000,1
2076,282853,306061,0x0000,0x0000,1
2077,177280,276157,0x0000,0x0000,1
2078,2132,305915,0x0000,0x0000,1
2079,282762,306063,0x0000,0x0000,1
2080,176984,276141,0x0000,0x0000,1
2081,2152,305900,0x0000,0x0000,1
2082,282875,306088,0x0000,0x0000,1
2083,173332,276159,0x0000,0x0000,1
2084,2132,305920,0x0000,0x0000,1
2085,282697,306060,0x0000,0x0000,1
2086,172548,276153,0x0000,0x0000,1
2087,2132,305925,0x0000,0x0000,1
2088,282710,306053,0x0000,0x0000,1
2089,172846,276158,0x0000,0x0000,1
2090,2152,305890,0x0000,0x0000,1
2091,282729,306090,0x0000,0x0000,1
2092,173234,276148,0x0000,0x0000,1
2093,2132,305925,0x0000,0x0000,1
2094,282875,306053,0x0000,0x0000,1
2095,172447,276165,0x0000,0x0000,1
2096,2132,305925,0x0000,0x0000,1
2097,282814,306059,0x0000,0x0000,1
2098,172692,276159,0x0000,0x0000,1
2099,2132,305905,0x0000,0x0000,1
2100,282715,306050,0x0000,0x0000,1
2101,156736,276172,0x0000,0x0000,1
2102,2172,305900,0x0000,0x0000,1
2103,282254,306069,0x0000,0x0000,1
2104,155251,276158,0x0000,0x0000,1
2105,2132,305920,0x0000,0x0000,1
2106,281701,306037,0x0000,0x0000,1
2107,155312,276170,0x0000,0x0000,1
2108,2132,305915,0x0000,0x0000,1
2109,281627,306043,0x0000,0x0000,1
2110,155346,276168,0x0000,0x0000,1
2111,2132,305930,0x0000,0x0000,1
2112,281638,306032,0x0000,0x0000,1
2113,155445,276158,0x0000,0x0000,1
2114,2132,305930,0x0000,0x0000,1
2115,281638,306032,0x0000,0x0000,1
2116,155504,276166,0x0000,0x0000,1
2117,2160,305895,0x0000,0x0000,1
2118,281673,306072,0x0000,0x0000,1
2119,155385,276167,0x0000,0x0000,1
2120,2148,305905,0x0000,0x0000,1
2121,281595,306064,0x0000,0x0000,1
2122,155440,276157,0x0000,0x0000,1
2123,2132,305905,0x0000,0x0000,1
2124,281500,306054,0x0000,0x0000,1
2125,155600,276158,0x0000,0x0000,1
2126,2132,305925,0x0000,0x0000,1
2127,281686,306042,0x0000,0x0000,1
2128,155400,276166,0x0000,0x0000,1
2129,2132,305910,0x0000,0x0000,1
2130,281513,306035,0x0000,0x0000,1
2131,155539,276186,0x0000,0x0000,1
2132,2132,305915,0x0000,0x0000,1
2133,281578,306046,0x0000,0x0000,1
2134,155508,276160,0x0000,0x0000,1
2135,2160,305890,0x0000,0x0000,1
2136,281632,306076,0x0000,0x0000,1
2137,155428,276168,0x0000,0x0000,1
2138,2164,305885,0x0000,0x0000,1
2139,281546,306069,0x0000,0x0000,1
2140,155476,276175,0x0000,0x0000,1
2141,2132,305925,0x0000,0x0000,1
2142,281578,306044,0x0000,0x0000,1
2143,155475,276174,0x0000,0x0000,1
2144,2164,305900,0x0000,0x0000,1
2145,281606,306072,0x0000,0x0000,1
2146,155448,276171,0x0000,0x0000,1
2147,2160,305885,0x0000,0x0000,1
2148,281658,306068,0x0000,0x0000,1
2149,155401,276165,0x0000,0x0000,1
2150,2132,305920,0x0000,0x0000,1
2151,281299,306089,0x0000,0x0000,1
2152,155313,276128,0x0000,0x0000,1
2153,2160,305886,0x0000,0x0000,1
2154,280776,306079,0x0000,0x0000,1
2155,154951,276168,0x0000,0x0000,1
2156,2132,305915,0x0000,0x0000,1
2157,280636,306074,0x0000,0x0000,1
2158,155120,276142,0x0000,0x0000,1
2159,2132,305920,0x0000,0x0000,1
2160,280435,306045,0x0000,0x0000,1
2161,155323,276180,0x0000,0x0000,1
2162,2132,305910,0x0000,0x0000,1
2163,280621,306048,0x0000,0x0000,1
2164,155137,276164,0x0000,0x0000,1
2165,2132,305930,0x0000,0x0000,1
2166,280743,306040,0x0000,0x0000,1
2167,154989,276153,0x0000,0x0000,1
2168,2152,305895,0x0000,0x0000,1
2169,280493,306064,0x0000,0x0000,1
2170,155163,276169,0x0000,0x0000,1
2171,2132,305935,0x0000,0x0000,1
2172,280747,306041,0x0000,0x0000,1
2173,155013,276155,0x0000,0x0000,1
2174,2132,305905,0x0000,0x0000,1
2175,280513,306051,0x0000,0x0000,1
2176,155185,276161,0x0000,0x0000,1
2177,2020,305900,0x0000,0x0000,1
2178,280775,306089,0x0000,0x0000,1
2179,155154,276146,0x0000,0x0000,1
2180,2004,305920,0x0000,0x0000,1
2181,280788,306073,0x0000,0x0000,1
2182,155096,276167,0x0000,0x0000,1
2183,2132,305916,0x0000,0x0000,1
2184,280448,306035,0x0000,0x0000,1
2185,155308,276173,0x0000,0x0000,1
2186,2132,305920,0x0000,0x0000,1
2187,280644,306047,0x0000,0x0000,1
2188,155113,276166,0x0000,0x0000,1
2189,2132,305925,0x0000,0x0000,1
2190,280738,306037,0x0000,0x0000,1
2191,154992,276173,0x0000,0x0000,1
2192,2132,305905,0x0000,0x0000,1
2193,280621,306094,0x0000,0x0000,1
2194,155191,276113,0x0000,0x0000,1
2195,2132,305905,0x0000,0x0000,1
2196,280573,306053,0x0000,0x0000,1
2197,155184,276167,0x0000,0x0000,1
2198,2132,305920,0x0000,0x0000,1
2199,280750,306037,0x0000,0x0000,1
2200,155008,276160,0x0000,0x0000,1
2201,2247,305885,0x0000,0x0000,1
2202,280256,306073,0x0000,0x0000,1
2203,154853,276180,0x0000,0x0000,1
2204,2263,305895,0x0000,0x0000,1
2205,280129,306073,0x0000,0x0000,1
2206,155000,276180,0x0000,0x0000,1
2207,2247,305895,0x0000,0x0000,1
2208,280048,306080,0x0000,0x0000,1
2209,155152,276169,0x0000,0x0000,1
2210,2152,305890,0x0000,0x0000,1
2211,280167,306071,0x0000,0x0000,1
2212,155129,276150,0x0000,0x0000,1
2213,2132,305925,0x0000,0x0000,1
2214,280236,306041,0x0000,0x0000,1
2215,155058,276150,0x0000,0x0000,1
2216,2132,305925,0x0000,0x0000,1
2217,280253,306043,0x0000,0x0000,1
2218,155063,276156,0x0000,0x0000,1
2219,2132,305925,0x0000,0x0000,1
2220,280226,306037,0x0000,0x0000,1
2221,155089,276163,0x0000,0x0000,1
2222,2132,305910,0x0000,0x0000,1
2223,279641,306045,0x0000,0x0000,1
2224,153743,276182,0x0000,0x0000,1
2225,2132,305915,0x0000,0x0000,1
2226,279443,306040,0x0000,0x0000,1
2227,153941,276174,0x0000,0x0000,1
2228,2144,305895,0x0000,0x0000,1
2229,279746,306081,0x0000,0x0000,1
2230,153668,276154,0x0000,0x0000,1
2231,2144,305885,0x0000,0x0000,1
2232,279620,306073,0x0000,0x0000,1
2233,153752,276169,0x0000,0x0000,1
2234,2156,305894,0x0000,0x0000,1
2235,279393,306071,0x0000,0x0000,1
2236,153967,276167,0x0000,0x0000,1
2237,2160,305890,0x0000,0x0000,1
2238,279504,306079,0x0000,0x0000,1
2239,153852,276175,0x0000,0x0000,1
2240,2164,305904,0x0000,0x0000,1
2241,279746,306071,0x0000,0x0000,1
2242,153634,276173,0x0000,0x0000,1
2243,2144,305890,0x0000,0x0000,1
2244,279595,306071,0x0000,0x0000,1
2245,153777,276181,0x0000,0x0000,1
2246,2201,305880,0x0000,0x0000,1
2247,279663,306077,0x0000,0x0000,1
2248,153652,276171,0x0000,0x0000,1
2249,2152,305880,0x0000,0x0000,1
2250,279566,306084,0x0000,0x0000,1
2251,153798,276158,0x0000,0x0000,1
2252,2164,305885,0x0000,0x0000,1
2253,279739,306072,0x0000,0x0000,1
2254,153676,276163,0x0000,0x0000,1
2255,2144,305895,0x0000,0x0000,1
2256,279620,306073,0x0000,0x0000,1
2257,153752,276166,0x0000,0x0000,1
2258,2164,305894,0x0000,0x0000,1
2259,279746,306071,0x0000,0x0000,1
2260,153634,276173,0x0000,0x0000,1
2261,2144,305890,0x0000,0x0000,1
2262,279595,306071,0x0000,0x0000,1
2263,153777,276175,0x0000,0x0000,1
2264,2591,305925,0x0000,0x0000,1
2265,279606,306033,0x0000,0x0000,1
2266,153319,276173,0x0000,0x0000,1
2267,2591,305925,0x0000,0x0000,1
2268,279378,306030,0x0000,0x0000,1
2269,153547,276171,0x0000,0x0000,1
2270,2591,305915,0x0000,0x0000,1
2271,279025,306072,0x0000,0x0000,1
2272,153403,276145,0x0000,0x0000,1
2273,2591,305910,0x0000,0x0000,1
2274,278864,306035,0x0000,0x0000,1
2275,153585,276163,0x0000,0x0000,1
2276,2591,305920,0x0000,0x0000,1
2277,278873,306033,0x0000,0x0000,1
2278,153555,276169,0x0000,0x0000,1
2279,2591,305920,0x0000,0x0000,1
2280,279025,306087,0x0000,0x0000,1
2281,153403,276114,0x0000,0x0000,1
2282,2591,305915,0x0000,0x0000,1
2283,279197,306037,0x0000,0x0000,1
2284,153266,276168,0x0000,0x0000,1
2285,2591,305915,0x0000,0x0000,1
2286,278916,306028,0x0000,0x0000,1
2287,153512,276171,0x0000,0x0000,1
2288,2591,305915,0x0000,0x0000,1
2289,279025,306062,0x0000,0x0000,1
2290,153403,276134,0x0000,0x0000,1
2291,2591,305910,0x0000,0x0000,1
2292,279190,306037,0x0000,0x0000,1
2293,153252,276157,0x0000,0x0000,1
2294,2591,305896,0x0000,0x0000,1
2295,279062,306048,0x0000,0x0000,1
2296,153366,276156,0x0000,0x0000,1
2297,2591,305900,0x0000,0x0000,1
2298,279190,306037,0x0000,0x0000,1
2299,153252,276157,0x0000,0x0000,1
2300,2591,305896,0x0000,0x0000,1
2301,279062,306048,0x0000,0x0000,1
2302,153366,276146,0x0000,0x0000,1
2303,2591,305910,0x0000,0x0000,1
2304,279190,306037,0x0000,0x0000,1
2305,153252,276160,0x0000,0x0000,1
2306,2591,305896,0x0000,0x0000,1
2307,279062,306048,0x0000,0x0000,1
2308,153366,276149,0x0000,0x0000,1
2309,2591,305910,0x0000,0x0000,1
2310,279190,306037,0x0000,0x0000,1
2311,153252,276157,0x0000,0x0000,1
2312,2591,305896,0x0000,0x0000,1
2313,279062,306048,0x0000,0x0000,1
2314,153366,276149,0x0000,0x0000,1
2315,2591,305910,0x0000,0x0000,1
2316,279190,306037,0x0000,0x0000,1
2317,153252,276160,0x0000,0x0000,1
2318,2591,305915,0x0000,0x0000,1
2319,279109,306041,0x0000,0x0000,1
2320,153319,276156,0x0000,0x0000,1
2321,2591,305905,0x0000,0x0000,1
2322,279190,306032,0x0000,0x0000,1
2323,153252,276157,0x0000,0x0000,1
2324,2591,305896,0x0000,0x0000,1
2325,279062,306048,0x0000,0x0000,1
2326,153366,276149,0x0000,0x0000,1
2327,2591,305915,0x0000,0x0000,1
2328,279190,306032,0x0000,0x0000,1
2329,153252,276163,0x0000,0x0000,1
2330,2591,305896,0x0000,0x0000,1
2331,279062,306048,0x0000,0x0000,1
2332,153366,276146,0x0000,0x0000,1
2333,2591,305915,0x0000,0x0000,1
2334,279190,306032,0x0000,0x0000,1
2335,153252,276157,0x0000,0x0000,1
2336,2591,305896,0x0000,0x0000,1
2337,279062,306048,0x0000,0x0000,1
2338,153366,276146,0x0000,0x0000,1
2339,2591,305915,0x0000,0x0000,1
2340,279190,306032,0x0000,0x0000,1
2341,153252,276164,0x0000,0x0000,1
2342,2591,305925,0x0000,0x0000,1
2343,279109,306033,0x0000,0x0000,1
2344,153319,276169,0x0000,0x0000,1
2345,2591,305905,0x0000,0x0000,1
2346,278861,306031,0x0000,0x0000,1
2347,153567,276179,0x0000,0x0000,1
2348,2591,305920,0x0000,0x0000,1
2349,278920,306032,0x0000,0x0000,1
2350,153508,276160,0x0000,0x0000,1
2351,2591,305905,0x0000,0x0000,1
2352,279025,306062,0x0000,0x0000,1
2353,153403,276147,0x0000,0x0000,1
2354,2591,305905,0x0000,0x0000,1
2355,279185,306028,0x0000,0x0000,1
2356,153257,276173,0x0000,0x0000,1
2357,2591,305915,0x0000,0x0000,1
2358,278955,306031,0x0000,0x0000,1
2359,153473,276158,0x0000,0x0000,1
2360,2591,305920,0x0000,0x0000,1
2361,278876,306037,0x0000,0x0000,1
2362,153552,276186,0x0000,0x0000,1
2363,2591,305915,0x0000,0x0000,1
2364,279025,306062,0x0000,0x0000,1
2365,153403,276151,0x0000,0x0000,1
2366,2591,305920,0x0000,0x0000,1
2367,278876,306037,0x0000,0x0000,1
2368,153552,276181,0x0000,0x0000,1
2369,2591,305925,0x0000,0x0000,1
2370,279025,306072,0x0000,0x0000,1
2371,153403,276127,0x0000,0x0000,1
2372,2591,305915,0x0000,0x0000,1
2373,279192,306038,0x0000,0x0000,1
2374,153257,276175,0x0000,0x0000,1
2375,2591,305915,0x0000,0x0000,1
2376,278941,306025,0x0000,0x0000,1
2377,153487,276167,0x0000,0x0000,1
2378,2591,305900,0x0000,0x0000,1
2379,279194,306052,0x0000,0x0000,1
2380,153248,276149,0x0000,0x0000,1
2381,2591,305920,0x0000,0x0000,1
2382,279109,306047,0x0000,0x0000,1
2383,153319,276161,0x0000,0x0000,1
2384,2591,305920,0x0000,0x0000,1
2385,278884,306035,0x0000,0x0000,1
2386,153544,276172,0x0000,0x0000,1
2387,2591,305915,0x0000,0x0000,1
2388,279025,306062,0x0000,0x0000,1
2389,153403,276148,0x0000,0x0000,1
2390,2591,305910,0x0000,0x0000,1
2391,278873,306035,0x0000,0x0000,1
2392,153576,276159,0x0000,0x0000,1
2393,2591,305900,0x0000,0x0000,1
2394,279190,306037,0x0000,0x0000,1
2395,153252,276160,0x0000,0x0000,1
2396,2591,305915,0x0000,0x0000,1
2397,279109,306041,0x0000,0x0000,1
2398,153319,276156,0x0000,0x0000,1
2399,2591,305905,0x0000,0x0000,1
